transaction_id,customer_id,transaction_date,amount,quantity
TX-877572,CUST-1327,2025-12-05,90.39,1
TX-246316,CUST-1140,2026-02-11,471.52,2
TX-191161,CUST-1377,2025-11-30,217.51,5
TX-131244,CUST-1302,2026-05-13,156.94,1
TX-629903,CUST-1047,2026-01-28,45.44,2
TX-308496,CUST-1308,2025-10-22,45.44,5
TX-539898,CUST-1366,2026-09-06,28.98,5
TX-391704,CUST-1112,2026-05-26,321.68,5
TX-832052,CUST-1414,2025-10-12,157.86,2
TX-263032,CUST-1216,2026-04-01,204.69,3
TX-197251,CUST-1110,2026-03-30,23.12,1
TX-988662,CUST-1194,2025-11-27,545.53,3
TX-946335,CUST-1176,2026-08-14,287.96,3
TX-230889,CUST-1022,2026-06-01,55.8,5
TX-678856,CUST-1498,2026-04-20,50.1,1
TX-479201,CUST-1150,2026-08-26,50.39,5
TX-148050,CUST-1295,2026-01-15,74.41,1
TX-183667,CUST-1338,2026-02-02,131.59,3
TX-498591,CUST-1437,2026-02-05,104.83,1
TX-270555,CUST-1142,2026-05-29,71.63,3
TX-802729,CUST-1189,2026-04-08,161.96,2
TX-738720,CUST-1136,2026-10-03,42.54,1
TX-864544,CUST-1325,2026-01-04,71.83,5
TX-497887,CUST-1125,2025-12-31,88.44,4
TX-330283,CUST-1138,2026-09-01,111.34,5
TX-340174,CUST-1350,2026-03-24,250.69,1
TX-520651,CUST-1420,2025-10-25,53.41,3
TX-694731,CUST-1137,2025-11-11,128.3,2
TX-787277,CUST-1448,2026-03-19,154.63,2
TX-249811,CUST-1255,2026-04-29,27.13,4
TX-881177,CUST-1135,2025-12-19,160.3,2
TX-883300,CUST-1287,2026-07-11,48.04,3
TX-518801,CUST-1299,2026-05-16,30.09,5
TX-634277,CUST-1185,2026-01-29,466.05,2
TX-214975,CUST-1252,2025-11-24,525.59,1
TX-930555,CUST-1078,2026-08-26,267.85,2
TX-166613,CUST-1348,2026-05-13,74.49,5
TX-590785,CUST-1197,2026-04-22,35.42,5
TX-112038,CUST-1270,2026-02-14,192.91,5
TX-887352,CUST-1348,2025-12-06,107.01,5
TX-216970,CUST-1136,2026-09-02,39.52,3
TX-575763,CUST-1150,2026-05-19,122.53,2
TX-898975,CUST-1001,2026-02-20,25.25,5
TX-755674,CUST-1091,2026-06-25,380.06,1
TX-738551,CUST-1152,2026-09-01,64.92,5
TX-899550,CUST-1101,2025-12-26,182.94,3
TX-100599,CUST-1082,2026-07-12,76.03,5
TX-120422,CUST-1306,2026-03-23,130.12,4
TX-351083,CUST-1057,2026-04-12,138.68,3
TX-182582,CUST-1029,2026-02-09,50.66,5
TX-897549,CUST-1043,2026-06-14,543.92,1
TX-791798,CUST-1272,2025-12-12,243.84,2
TX-377932,CUST-1243,2026-07-17,440.76,2
TX-322086,CUST-1270,2026-08-15,357.82,4
TX-847581,CUST-1475,2026-07-12,156.66,2
TX-559381,CUST-1159,2026-05-01,402.42,3
TX-226882,CUST-1460,2026-06-30,33.9,4
TX-454508,CUST-1126,2026-02-01,52.72,1
TX-341292,CUST-1010,2026-08-06,26.94,5
TX-174441,CUST-1301,2026-01-29,79.03,1
TX-340062,CUST-1362,2026-08-28,93.82,1
TX-174299,CUST-1034,2025-10-25,67.48,3
TX-801474,CUST-1263,2026-02-07,284.68,3
TX-238739,CUST-1248,2026-01-26,86.18,5
TX-595631,CUST-1370,2026-07-28,69.47,5
TX-299659,CUST-1124,2026-06-08,137.36,4
TX-471507,CUST-1048,2025-11-27,42.78,4
TX-864491,CUST-1216,2026-05-07,263.07,4
TX-163556,CUST-1027,2026-09-18,31.62,1
TX-360735,CUST-1206,2026-03-31,670.12,1
TX-570405,CUST-1098,2026-01-14,241.92,5
TX-392075,CUST-1071,2026-05-13,53.23,2
TX-564656,CUST-1236,2026-02-13,20.83,1
TX-153045,CUST-1413,2026-07-17,273.48,1
TX-197793,CUST-1333,2026-07-12,204.06,1
TX-526156,CUST-1474,2026-02-07,215.85,2
TX-520521,CUST-1248,2026-06-12,241.28,2
TX-497382,CUST-1462,2025-11-08,31.54,2
TX-922157,CUST-1001,2026-04-26,86.58,3
TX-543555,CUST-1401,2026-05-29,38.47,3
TX-262316,CUST-1356,2026-07-20,318.28,4
TX-161324,CUST-1097,2026-03-09,166.45,2
TX-884309,CUST-1296,2026-07-13,80.27,1
TX-712554,CUST-1160,2025-11-07,29.85,1
TX-265080,CUST-1244,2026-06-23,75.87,5
TX-992697,CUST-1029,2026-06-26,79.0,1
TX-171262,CUST-1095,2025-11-13,216.18,5
TX-225710,CUST-1345,2026-02-06,172.23,4
TX-707040,CUST-1482,2026-07-27,347.34,2
TX-185965,CUST-1304,2025-10-29,115.86,5
TX-692683,CUST-1214,2026-09-10,39.11,5
TX-314181,CUST-1267,2026-03-19,207.37,3
TX-378517,CUST-1342,2026-03-18,234.56,2
TX-579434,CUST-1202,2025-12-15,143.58,3
TX-580547,CUST-1161,2025-11-15,241.08,1
TX-176819,CUST-1318,2026-07-24,122.12,1
TX-378082,CUST-1275,2026-01-26,130.95,5
TX-356150,CUST-1067,2026-04-05,103.67,1
TX-559469,CUST-1189,2026-03-03,23.86,2
TX-741390,CUST-1426,2026-07-14,37.13,3
TX-108203,CUST-1413,2026-09-08,24.79,5
TX-795613,CUST-1341,2026-07-19,171.76,3
TX-221035,CUST-1053,2025-12-16,76.61,3
TX-262998,CUST-1455,2025-12-02,126.57,5
TX-320861,CUST-1139,2026-03-02,377.19,5
TX-820892,CUST-1367,2026-04-02,63.01,2
TX-612262,CUST-1324,2026-02-21,99.24,5
TX-765095,CUST-1128,2025-11-04,231.31,1
TX-103717,CUST-1216,2026-02-27,58.97,1
TX-269430,CUST-1170,2025-12-14,32.02,3
TX-839945,CUST-1379,2026-05-23,71.32,5
TX-217308,CUST-1218,2026-07-23,46.37,1
TX-672092,CUST-1038,2026-09-27,418.24,2
TX-679364,CUST-1018,2026-04-16,267.63,5
TX-143860,CUST-1075,2026-05-17,170.52,2
TX-475190,CUST-1157,2026-04-13,327.73,1
TX-799330,CUST-1107,2026-09-23,264.2,2
TX-526117,CUST-1052,2026-04-08,50.97,5
TX-348237,CUST-1498,2026-08-22,354.62,2
TX-532322,CUST-1442,2025-12-31,136.26,2
TX-920391,CUST-1012,2026-01-08,267.1,3
TX-379766,CUST-1476,2026-05-07,359.64,2
TX-501124,CUST-1081,2026-10-03,77.41,1
TX-333238,CUST-1446,2025-10-28,37.49,4
TX-420015,CUST-1102,2026-06-01,58.8,3
TX-124813,CUST-1420,2026-02-02,103.56,2
TX-444207,CUST-1337,2026-01-15,275.57,4
TX-468203,CUST-1142,2025-11-13,315.7,3
TX-812526,CUST-1328,2026-06-26,21.05,4
TX-128941,CUST-1431,2026-07-10,127.23,3
TX-708792,CUST-1059,2026-02-19,101.04,2
TX-213668,CUST-1492,2026-02-21,57.68,1
TX-863934,CUST-1305,2026-05-19,39.15,3
TX-735656,CUST-1402,2026-03-18,81.79,4
TX-704596,CUST-1261,2025-12-07,449.47,4
TX-843215,CUST-1097,2026-02-16,78.56,1
TX-945687,CUST-1223,2025-10-09,129.72,5
TX-481913,CUST-1275,2026-09-25,202.11,2
TX-753425,CUST-1220,2025-11-13,87.8,3
TX-854717,CUST-1160,2026-09-13,555.17,1
TX-424308,CUST-1460,2026-03-11,512.3,5
TX-521947,CUST-1341,2026-05-06,63.51,3
TX-233470,CUST-1356,2026-03-09,123.15,5
TX-810219,CUST-1098,2026-05-12,73.69,4
TX-696750,CUST-1383,2026-01-06,70.29,5
TX-974224,CUST-1154,2026-05-04,25.64,5
TX-320392,CUST-1000,2026-03-13,161.07,3
TX-786508,CUST-1220,2026-08-01,124.78,5
TX-563638,CUST-1164,2026-06-04,27.93,4
TX-596171,CUST-1345,2026-01-26,68.99,5
TX-397571,CUST-1406,2026-01-03,378.33,1
TX-451470,CUST-1263,2026-09-13,61.08,5
TX-335552,CUST-1047,2026-02-06,43.48,3
TX-125611,CUST-1412,2026-01-18,120.84,2
TX-740967,CUST-1023,2026-02-11,656.61,4
TX-534572,CUST-1435,2025-11-15,61.57,4
TX-303880,CUST-1453,2026-08-27,187.27,5
TX-618392,CUST-1367,2026-09-30,235.08,4
TX-787926,CUST-1204,2026-02-10,60.7,2
TX-916232,CUST-1352,2025-10-11,215.41,1
TX-943170,CUST-1217,2026-01-29,88.78,2
TX-587115,CUST-1490,2026-09-30,170.08,5
TX-989545,CUST-1025,2026-07-21,170.58,2
TX-940346,CUST-1062,2026-05-30,135.11,2
TX-686075,CUST-1237,2026-09-15,34.19,5
TX-742412,CUST-1304,2026-03-20,290.55,4
TX-970914,CUST-1417,2026-06-24,78.02,4
TX-266889,CUST-1464,2026-07-16,50.96,4
TX-371782,CUST-1380,2026-06-09,26.24,4
TX-903013,CUST-1384,2026-02-12,154.07,3
TX-757193,CUST-1398,2026-07-02,189.78,4
TX-181247,CUST-1122,2026-02-26,22.51,4
TX-384913,CUST-1365,2026-03-04,127.64,2
TX-184491,CUST-1171,2026-03-21,58.52,5
TX-501641,CUST-1070,2025-12-25,175.42,2
TX-167348,CUST-1355,2025-12-26,48.74,2
TX-668969,CUST-1212,2026-05-05,196.13,3
TX-316881,CUST-1238,2026-05-09,93.34,1
TX-907189,CUST-1426,2026-05-12,434.05,4
TX-998348,CUST-1299,2026-09-30,42.19,1
TX-600149,CUST-1450,2026-07-30,82.57,4
TX-890075,CUST-1003,2026-04-07,38.07,3
TX-883826,CUST-1199,2026-05-11,407.93,5
TX-331251,CUST-1376,2026-07-15,334.75,5
TX-557007,CUST-1249,2026-01-29,64.75,3
TX-452457,CUST-1248,2025-10-23,181.81,4
TX-859359,CUST-1342,2026-09-21,274.92,4
TX-752483,CUST-1084,2026-06-05,141.52,2
TX-720644,CUST-1273,2025-10-22,133.14,4
TX-188025,CUST-1288,2026-09-13,61.53,1
TX-584125,CUST-1329,2026-05-16,34.66,2
TX-497519,CUST-1093,2025-11-03,361.27,3
TX-442722,CUST-1167,2026-01-25,366.02,4
TX-888539,CUST-1172,2026-04-21,170.4,3
TX-975467,CUST-1487,2026-05-12,82.11,3
TX-885408,CUST-1041,2026-06-06,84.44,1
TX-335113,CUST-1276,2025-11-04,214.17,3
TX-890870,CUST-1332,2025-11-13,361.11,1
TX-979995,CUST-1015,2026-02-12,347.17,2
TX-350132,CUST-1010,2026-08-23,247.03,2
TX-691364,CUST-1064,2026-06-08,174.1,1
TX-833442,CUST-1485,2026-01-28,33.18,4
TX-735324,CUST-1131,2026-04-15,46.44,2
TX-426147,CUST-1310,2025-12-06,363.23,2
TX-427110,CUST-1055,2026-08-01,159.87,1
TX-515922,CUST-1294,2026-09-20,21.39,4
TX-720859,CUST-1482,2026-01-18,36.05,1
TX-206851,CUST-1353,2026-08-26,183.37,2
TX-944657,CUST-1356,2026-03-12,20.76,5
TX-464069,CUST-1061,2026-07-25,46.3,1
TX-172306,CUST-1272,2026-05-16,139.35,3
TX-113266,CUST-1259,2026-09-05,196.6,3
TX-210665,CUST-1434,2026-05-12,178.32,4
TX-841666,CUST-1221,2026-04-12,58.09,4
TX-869440,CUST-1078,2026-05-19,206.81,2
TX-745830,CUST-1267,2026-09-07,60.62,3
TX-587455,CUST-1413,2026-07-11,79.05,4
TX-437960,CUST-1223,2026-08-08,225.85,3
TX-392477,CUST-1436,2026-02-11,177.32,1
TX-886931,CUST-1451,2026-05-27,303.79,2
TX-800646,CUST-1237,2026-07-27,180.77,5
TX-618317,CUST-1194,2026-03-30,146.01,1
TX-611233,CUST-1435,2026-03-24,34.75,2
TX-456871,CUST-1108,2026-04-08,88.76,3
TX-682789,CUST-1143,2026-08-10,66.22,3
TX-189771,CUST-1005,2026-06-30,61.96,2
TX-682144,CUST-1123,2026-05-05,561.85,4
TX-777278,CUST-1388,2026-02-09,94.91,4
TX-931450,CUST-1364,2026-06-17,353.91,4
TX-332360,CUST-1008,2025-11-25,169.6,3
TX-421080,CUST-1207,2026-09-28,257.57,2
TX-596249,CUST-1339,2026-08-02,124.77,3
TX-546173,CUST-1283,2026-07-07,149.02,3
TX-468900,CUST-1381,2026-07-17,121.74,3
TX-421517,CUST-1359,2026-05-29,52.58,3
TX-856321,CUST-1128,2026-02-04,212.26,1
TX-878967,CUST-1098,2026-03-19,69.44,1
TX-300845,CUST-1274,2026-09-27,23.69,2
TX-859782,CUST-1110,2026-06-13,175.55,3
TX-396745,CUST-1301,2026-07-04,49.24,5
TX-338533,CUST-1051,2026-01-16,443.16,3
TX-114835,CUST-1184,2026-01-08,481.63,3
TX-387636,CUST-1362,2026-07-09,389.53,2
TX-406327,CUST-1023,2025-11-05,89.34,5
TX-207570,CUST-1357,2025-12-12,22.34,4
TX-398151,CUST-1446,2025-10-15,415.33,5
TX-457256,CUST-1240,2026-06-11,103.84,4
TX-600935,CUST-1094,2025-11-04,530.13,3
TX-615633,CUST-1058,2025-11-11,517.06,4
TX-259097,CUST-1037,2026-07-31,307.61,1
TX-189318,CUST-1076,2026-07-24,72.32,3
TX-901577,CUST-1127,2025-12-08,92.94,5
TX-929151,CUST-1213,2026-08-15,305.71,5
TX-498855,CUST-1316,2026-02-01,77.17,5
TX-717113,CUST-1230,2026-05-23,47.86,3
TX-751194,CUST-1219,2026-03-14,142.06,5
TX-899787,CUST-1030,2026-08-17,432.69,1
TX-377501,CUST-1106,2026-08-25,198.62,2
TX-351516,CUST-1338,2025-11-19,146.62,2
TX-264136,CUST-1088,2026-07-18,35.33,1
TX-822858,CUST-1001,2026-05-06,163.18,4
TX-134225,CUST-1304,2026-06-06,711.59,3
TX-837135,CUST-1118,2026-03-05,42.64,3
TX-820775,CUST-1440,2026-05-29,129.57,1
TX-793300,CUST-1119,2026-02-21,334.79,5
TX-220351,CUST-1411,2026-01-18,222.51,4
TX-378535,CUST-1278,2026-02-01,199.11,2
TX-162535,CUST-1423,2025-12-20,201.84,1
TX-885339,CUST-1084,2026-03-15,86.82,5
TX-560485,CUST-1422,2026-07-27,72.13,3
TX-833723,CUST-1063,2026-06-05,268.61,3
TX-666211,CUST-1206,2026-02-25,269.2,5
TX-727086,CUST-1252,2026-05-21,322.69,1
TX-733039,CUST-1020,2026-05-18,386.69,3
TX-340044,CUST-1128,2025-10-22,127.41,1
TX-715643,CUST-1492,2026-09-19,124.43,5
TX-704238,CUST-1486,2025-10-19,260.14,3
TX-644173,CUST-1020,2026-01-06,177.46,4
TX-290305,CUST-1333,2026-05-23,201.58,3
TX-195674,CUST-1299,2026-05-20,258.29,4
TX-449499,CUST-1240,2026-04-05,351.1,4
TX-999398,CUST-1164,2026-09-17,81.87,1
TX-827369,CUST-1082,2026-03-26,90.64,4
TX-953085,CUST-1253,2026-03-05,34.8,4
TX-576919,CUST-1389,2026-07-17,149.51,1
TX-438977,CUST-1045,2026-03-19,25.49,3
TX-964998,CUST-1059,2026-05-03,113.99,5
TX-584417,CUST-1000,2026-09-10,137.34,5
TX-643623,CUST-1211,2025-11-05,70.64,2
TX-755788,CUST-1185,2026-08-23,154.04,4
TX-380028,CUST-1226,2025-11-04,24.65,2
TX-559398,CUST-1281,2025-12-15,25.71,3
TX-227324,CUST-1450,2026-10-01,279.4,4
TX-938141,CUST-1014,2026-08-27,86.99,5
TX-425845,CUST-1122,2026-10-07,40.38,2
TX-527809,CUST-1282,2025-10-16,130.8,5
TX-583863,CUST-1047,2026-02-01,240.45,1
TX-622584,CUST-1484,2025-12-08,56.47,2
TX-839677,CUST-1477,2026-03-07,166.28,5
TX-595158,CUST-1139,2026-05-09,33.38,4
TX-251668,CUST-1124,2026-05-30,27.96,5
TX-632929,CUST-1196,2026-01-14,133.69,5
TX-389666,CUST-1382,2025-12-17,136.69,1
TX-925981,CUST-1395,2026-05-09,172.18,3
TX-396578,CUST-1259,2026-02-22,214.24,1
TX-708093,CUST-1371,2026-03-10,578.53,5
TX-568238,CUST-1337,2026-06-16,128.94,2
TX-448588,CUST-1275,2026-06-13,78.5,3
TX-577463,CUST-1282,2026-07-14,257.85,4
TX-831380,CUST-1477,2026-03-22,67.38,2
TX-344907,CUST-1122,2026-07-28,106.7,4
TX-433632,CUST-1438,2026-05-07,32.26,1
TX-504832,CUST-1381,2026-06-08,23.85,4
TX-619389,CUST-1339,2026-09-07,513.11,2
TX-626690,CUST-1493,2025-10-27,291.17,2
TX-205239,CUST-1494,2026-08-07,198.6,3
TX-651499,CUST-1447,2026-05-22,98.88,1
TX-857537,CUST-1466,2026-05-30,48.55,1
TX-178463,CUST-1073,2026-05-06,45.52,2
TX-753534,CUST-1240,2026-02-21,63.2,3
TX-993140,CUST-1354,2026-04-30,139.52,1
TX-498468,CUST-1168,2026-09-19,208.08,5
TX-667296,CUST-1488,2026-03-20,181.91,4
TX-346174,CUST-1018,2026-08-21,69.26,1
TX-338536,CUST-1323,2026-09-24,484.72,3
TX-203225,CUST-1382,2025-11-24,220.85,4
TX-565230,CUST-1389,2026-08-29,141.23,1
TX-130353,CUST-1085,2026-09-29,161.9,3
TX-407618,CUST-1023,2026-03-24,101.61,1
TX-252640,CUST-1183,2026-04-18,62.7,4
TX-693418,CUST-1125,2026-07-07,86.0,4
TX-283573,CUST-1349,2026-01-09,232.73,2
TX-749813,CUST-1040,2026-08-17,22.17,4
TX-711484,CUST-1349,2026-02-09,38.51,4
TX-768891,CUST-1073,2026-02-04,27.06,4
TX-799233,CUST-1130,2026-06-01,26.24,3
TX-810526,CUST-1004,2026-06-04,310.13,3
TX-563187,CUST-1279,2025-12-28,202.44,1
TX-413685,CUST-1483,2026-04-03,116.42,5
TX-579027,CUST-1327,2026-05-14,35.44,3
TX-503380,CUST-1432,2026-03-12,121.48,2
TX-348728,CUST-1436,2026-06-13,116.22,1
TX-702733,CUST-1195,2026-07-28,48.53,3
TX-123005,CUST-1151,2026-10-02,105.33,3
TX-387813,CUST-1424,2026-09-11,96.25,4
TX-735863,CUST-1004,2026-07-25,163.51,1
TX-913423,CUST-1381,2026-06-20,171.22,3
TX-940886,CUST-1409,2026-02-03,26.95,5
TX-751051,CUST-1180,2026-01-29,90.41,2
TX-758765,CUST-1128,2026-09-21,167.47,2
TX-423939,CUST-1049,2026-08-26,124.92,1
TX-707727,CUST-1403,2026-05-22,311.2,1
TX-409445,CUST-1186,2025-12-15,181.25,1
TX-310548,CUST-1167,2026-05-09,46.68,2
TX-656639,CUST-1067,2026-07-12,30.98,3
TX-369452,CUST-1256,2026-02-25,174.26,2
TX-882824,CUST-1467,2026-06-12,24.03,3
TX-591081,CUST-1445,2026-03-31,152.2,1
TX-890785,CUST-1493,2025-11-16,442.59,2
TX-986827,CUST-1494,2026-02-01,148.52,4
TX-194689,CUST-1411,2026-07-21,93.7,3
TX-377304,CUST-1404,2026-04-29,174.62,1
TX-486490,CUST-1274,2025-12-11,111.94,4
TX-712955,CUST-1344,2026-09-18,138.32,3
TX-213609,CUST-1195,2026-08-31,445.72,3
TX-126240,CUST-1345,2026-02-05,93.19,4
TX-739717,CUST-1317,2026-07-23,507.36,3
TX-766269,CUST-1113,2026-09-05,373.64,1
TX-780776,CUST-1421,2026-06-03,52.68,3
TX-147549,CUST-1209,2025-12-07,30.78,2
TX-616554,CUST-1484,2025-10-28,35.93,3
TX-663658,CUST-1059,2025-11-27,22.76,2
TX-489033,CUST-1069,2026-04-25,34.88,4
TX-539486,CUST-1343,2026-09-30,192.33,5
TX-786735,CUST-1300,2025-12-27,31.08,4
TX-527940,CUST-1050,2026-06-16,77.62,5
TX-823811,CUST-1480,2026-03-01,299.53,1
TX-566297,CUST-1189,2026-01-28,23.53,4
TX-204180,CUST-1486,2026-02-06,272.68,3
TX-776149,CUST-1351,2026-04-15,69.66,5
TX-389282,CUST-1183,2025-11-09,38.86,4
TX-196126,CUST-1097,2025-12-10,198.97,4
TX-122394,CUST-1339,2026-01-25,168.71,5
TX-232040,CUST-1025,2026-03-28,334.91,2
TX-171942,CUST-1402,2026-07-25,219.24,2
TX-714867,CUST-1424,2026-07-19,264.05,2
TX-911984,CUST-1110,2026-02-05,69.7,3
TX-390743,CUST-1075,2026-08-10,49.3,1
TX-666456,CUST-1439,2025-12-22,228.31,2
TX-793169,CUST-1128,2026-01-06,266.63,1
TX-115582,CUST-1443,2025-10-22,718.55,2
TX-439498,CUST-1183,2026-02-07,99.81,5
TX-154944,CUST-1008,2026-01-06,89.79,3
TX-219169,CUST-1064,2026-05-12,244.69,5
TX-570050,CUST-1381,2025-11-10,82.51,4
TX-722503,CUST-1398,2026-04-12,420.52,5
TX-332311,CUST-1055,2026-05-28,313.23,5
TX-862569,CUST-1484,2026-08-19,104.05,1
TX-416282,CUST-1401,2026-09-11,228.47,5
TX-163780,CUST-1234,2026-09-03,230.69,1
TX-819425,CUST-1245,2026-05-02,36.33,4
TX-177060,CUST-1055,2026-06-17,369.27,4
TX-737846,CUST-1460,2025-11-19,125.56,3
TX-388375,CUST-1075,2025-11-11,282.7,2
TX-674993,CUST-1319,2026-08-29,77.86,5
TX-726410,CUST-1364,2026-03-24,358.82,4
TX-630108,CUST-1271,2026-03-08,93.95,4
TX-931621,CUST-1309,2026-05-17,21.63,1
TX-855855,CUST-1359,2025-12-06,373.69,5
TX-573489,CUST-1443,2026-01-27,34.36,4
TX-455395,CUST-1454,2026-02-02,77.7,4
TX-536196,CUST-1423,2026-05-29,469.55,4
TX-547494,CUST-1373,2025-11-26,471.19,3
TX-492483,CUST-1160,2026-09-14,147.8,3
TX-170394,CUST-1488,2025-12-26,169.88,4
TX-552855,CUST-1046,2025-11-21,109.25,1
TX-683397,CUST-1049,2026-04-17,72.05,2
TX-688967,CUST-1030,2026-08-05,79.77,5
TX-530764,CUST-1168,2026-09-17,187.45,1
TX-856086,CUST-1181,2026-09-14,229.38,4
TX-427626,CUST-1026,2026-03-05,255.23,5
TX-632060,CUST-1180,2025-12-01,253.82,5
TX-335137,CUST-1108,2025-12-27,34.35,4
TX-986438,CUST-1433,2025-12-03,122.31,3
TX-899649,CUST-1284,2026-04-15,28.89,1
TX-946432,CUST-1142,2026-07-29,139.62,2
TX-743378,CUST-1219,2026-07-23,107.38,5
TX-127529,CUST-1345,2026-09-03,347.99,5
TX-130359,CUST-1311,2026-09-10,84.83,3
TX-456331,CUST-1092,2026-02-25,38.68,3
TX-250210,CUST-1179,2025-10-12,43.15,2
TX-172965,CUST-1289,2026-09-10,235.01,4
TX-196214,CUST-1072,2026-08-29,164.44,1
TX-494468,CUST-1382,2026-07-07,35.99,2
TX-265055,CUST-1214,2026-05-29,33.18,3
TX-914571,CUST-1189,2026-03-17,201.08,3
TX-189083,CUST-1482,2026-07-26,31.33,5
TX-265056,CUST-1452,2025-11-04,278.78,2
TX-806707,CUST-1386,2026-08-21,203.75,1
TX-794093,CUST-1041,2026-02-25,32.73,4
TX-563516,CUST-1217,2026-06-14,33.3,5
TX-891615,CUST-1212,2026-02-25,667.32,2
TX-550797,CUST-1262,2025-12-06,90.33,3
TX-610271,CUST-1056,2026-03-03,89.46,5
TX-147623,CUST-1269,2026-09-15,271.34,3
TX-157443,CUST-1112,2026-04-29,461.32,5
TX-321494,CUST-1003,2026-01-21,660.32,3
TX-403507,CUST-1392,2025-12-18,229.98,3
TX-621546,CUST-1167,2025-12-09,90.8,1
TX-235461,CUST-1382,2026-05-17,33.08,2
TX-624563,CUST-1194,2026-07-08,245.19,2
TX-175576,CUST-1286,2026-09-16,142.6,3
TX-119651,CUST-1203,2025-10-30,102.8,4
TX-703727,CUST-1235,2025-11-17,375.24,3
TX-843963,CUST-1219,2026-07-29,37.68,4
TX-220768,CUST-1327,2026-05-10,121.78,3
TX-280222,CUST-1207,2025-10-19,21.71,3
TX-972442,CUST-1410,2026-08-21,114.85,4
TX-557925,CUST-1353,2026-04-12,28.69,1
TX-556839,CUST-1432,2025-12-02,38.97,2
TX-182467,CUST-1301,2026-05-02,38.75,5
TX-332335,CUST-1202,2026-03-16,177.14,3
TX-635280,CUST-1170,2026-01-03,225.59,1
TX-634723,CUST-1324,2025-12-06,151.33,5
TX-862712,CUST-1099,2026-04-05,511.21,3
TX-347745,CUST-1490,2026-09-04,90.47,2
TX-306854,CUST-1052,2025-12-22,70.47,3
TX-897143,CUST-1088,2026-08-13,324.43,2
TX-285751,CUST-1388,2026-09-09,57.96,1
TX-586490,CUST-1487,2026-08-26,515.43,4
TX-570711,CUST-1386,2026-07-24,21.83,5
TX-438908,CUST-1348,2026-07-25,545.38,5
TX-258290,CUST-1442,2026-08-26,26.62,3
TX-563688,CUST-1225,2025-11-12,352.66,4
TX-720148,CUST-1323,2026-03-13,132.52,3
TX-177794,CUST-1028,2026-04-07,763.52,5
TX-139434,CUST-1158,2026-06-02,31.5,4
TX-180458,CUST-1029,2026-04-15,141.07,3
TX-722937,CUST-1330,2025-11-24,542.54,5
TX-708519,CUST-1259,2026-04-23,131.07,4
TX-949153,CUST-1283,2025-10-30,168.89,4
TX-437145,CUST-1292,2026-09-07,198.49,2
TX-258189,CUST-1309,2026-06-09,110.92,5
TX-208529,CUST-1490,2025-11-09,168.15,4
TX-629057,CUST-1415,2026-04-02,151.67,1
TX-359778,CUST-1330,2026-01-05,367.13,1
TX-649525,CUST-1362,2026-05-21,26.98,4
TX-481574,CUST-1267,2026-08-17,69.48,2
TX-528625,CUST-1190,2026-03-02,470.6,4
TX-154909,CUST-1396,2026-03-31,351.45,5
TX-169113,CUST-1404,2026-08-28,111.23,3
TX-811332,CUST-1168,2025-11-26,165.19,5
TX-858889,CUST-1197,2026-03-03,68.73,3
TX-257677,CUST-1436,2026-09-10,51.26,5
TX-795847,CUST-1170,2025-11-19,113.46,5
TX-787923,CUST-1072,2026-04-06,85.39,3
TX-235215,CUST-1357,2026-09-13,151.44,4
TX-424620,CUST-1304,2026-10-06,32.14,1
TX-952686,CUST-1286,2026-04-19,569.74,3
TX-197992,CUST-1065,2026-09-17,662.58,5
TX-633188,CUST-1330,2026-09-17,199.68,4
TX-423869,CUST-1185,2025-10-18,135.21,3
TX-903373,CUST-1092,2026-01-26,75.56,3
TX-244247,CUST-1248,2026-01-15,272.14,2
TX-985447,CUST-1079,2025-11-17,193.15,3
TX-908320,CUST-1403,2025-11-29,46.62,5
TX-794083,CUST-1276,2026-07-05,382.75,1
TX-726258,CUST-1172,2026-08-21,279.35,2
TX-289630,CUST-1192,2025-12-26,468.76,2
TX-948343,CUST-1425,2026-09-28,214.04,5
TX-145814,CUST-1462,2026-01-01,162.56,4
TX-565776,CUST-1210,2026-04-13,101.26,2
TX-345369,CUST-1312,2026-03-03,424.85,4
TX-947903,CUST-1273,2026-02-08,321.56,3
TX-485709,CUST-1401,2026-06-06,26.94,2
TX-584106,CUST-1347,2026-07-28,24.01,4
TX-627335,CUST-1393,2026-03-02,90.85,4
TX-956572,CUST-1270,2026-05-11,269.55,2
TX-362147,CUST-1102,2026-08-14,674.64,2
TX-489244,CUST-1026,2026-09-02,44.45,4
TX-992512,CUST-1283,2025-11-30,155.26,5
TX-900185,CUST-1063,2026-03-03,91.92,1
TX-638289,CUST-1082,2026-02-25,545.56,4
TX-332823,CUST-1075,2026-05-20,296.89,1
TX-127965,CUST-1418,2026-05-27,293.33,3
TX-626392,CUST-1212,2025-11-05,114.86,4
TX-185569,CUST-1191,2026-02-06,100.38,4
TX-434165,CUST-1191,2026-01-31,67.91,1
TX-929822,CUST-1476,2025-11-28,28.7,3
TX-400814,CUST-1074,2025-12-18,320.06,1
TX-895702,CUST-1469,2026-06-07,271.42,2
TX-745239,CUST-1361,2026-06-06,1245.87,4
TX-368355,CUST-1002,2025-11-18,874.23,1
TX-862560,CUST-1110,2025-12-24,141.6,5
TX-216587,CUST-1311,2026-07-06,239.79,4
TX-415779,CUST-1397,2026-03-05,454.43,2
TX-540218,CUST-1062,2025-11-02,304.22,2
TX-165858,CUST-1327,2026-08-23,62.62,4
TX-662093,CUST-1056,2026-06-21,109.82,5
TX-702980,CUST-1008,2026-08-28,40.74,5
TX-550089,CUST-1123,2025-12-21,482.03,3
TX-352249,CUST-1000,2026-08-19,159.78,3
TX-796643,CUST-1292,2026-05-10,58.94,2
TX-478120,CUST-1342,2025-11-21,187.07,5
TX-631971,CUST-1034,2026-07-05,164.4,5
TX-121322,CUST-1402,2026-06-25,86.51,5
TX-766549,CUST-1199,2026-06-06,38.08,1
TX-883618,CUST-1198,2026-04-18,187.02,3
TX-461551,CUST-1008,2026-04-09,130.19,1
TX-908977,CUST-1123,2026-09-10,241.97,1
TX-146489,CUST-1297,2026-03-28,130.15,2
TX-953025,CUST-1180,2026-07-15,306.77,3
TX-829168,CUST-1329,2026-01-06,140.41,4
TX-950916,CUST-1245,2026-08-28,143.47,2
TX-138780,CUST-1069,2025-11-10,333.91,4
TX-929538,CUST-1150,2026-01-20,97.5,1
TX-425138,CUST-1102,2025-10-30,41.58,3
TX-596395,CUST-1263,2026-04-30,24.38,5
TX-400009,CUST-1129,2025-10-27,231.06,2
TX-386488,CUST-1182,2025-11-02,165.26,3
TX-519453,CUST-1063,2026-04-15,202.65,4
TX-455505,CUST-1380,2026-05-22,55.92,4
TX-825686,CUST-1498,2026-01-12,41.99,4
TX-379676,CUST-1254,2026-04-15,22.2,5
TX-182760,CUST-1410,2025-11-20,84.75,4
TX-671971,CUST-1220,2026-08-13,153.71,2
TX-183958,CUST-1150,2026-03-22,94.7,1
TX-421384,CUST-1167,2026-09-12,106.3,3
TX-274739,CUST-1228,2026-08-13,371.76,4
TX-568849,CUST-1353,2026-05-24,84.22,3
TX-556068,CUST-1021,2026-04-07,128.23,5
TX-178686,CUST-1140,2026-09-01,249.63,1
TX-480959,CUST-1343,2026-08-31,95.76,4
TX-132653,CUST-1262,2026-09-21,165.96,2
TX-136489,CUST-1073,2026-08-16,317.47,4
TX-916332,CUST-1064,2025-11-12,467.93,2
TX-501451,CUST-1330,2026-04-14,43.86,3
TX-734487,CUST-1486,2026-07-26,411.75,1
TX-488984,CUST-1078,2026-09-21,121.63,4
TX-701800,CUST-1190,2026-05-24,64.81,1
TX-517368,CUST-1070,2026-07-07,112.19,3
TX-361736,CUST-1160,2026-09-06,607.05,3
TX-871411,CUST-1491,2025-12-06,121.77,1
TX-505785,CUST-1095,2026-06-21,79.79,5
TX-374492,CUST-1467,2026-07-23,170.52,1
TX-324993,CUST-1396,2026-02-19,61.19,4
TX-309902,CUST-1313,2026-03-04,31.83,4
TX-574001,CUST-1062,2025-12-17,40.7,1
TX-192055,CUST-1088,2026-10-09,40.55,4
TX-800280,CUST-1414,2026-09-23,44.71,3
TX-676713,CUST-1177,2026-10-07,42.42,1
TX-992717,CUST-1277,2026-03-06,173.61,3
TX-932250,CUST-1080,2026-10-08,50.11,2
TX-227257,CUST-1185,2026-06-26,83.62,2
TX-928766,CUST-1102,2025-12-19,360.65,2
TX-680933,CUST-1252,2025-10-22,116.36,3
TX-942700,CUST-1293,2026-04-15,185.19,4
TX-190403,CUST-1282,2025-12-14,48.37,5
TX-851759,CUST-1033,2026-03-16,52.03,4
TX-530749,CUST-1368,2026-06-11,26.26,5
TX-177333,CUST-1393,2026-05-06,47.76,5
TX-571832,CUST-1064,2026-03-20,68.98,1
TX-461249,CUST-1238,2026-09-22,49.22,5
TX-290802,CUST-1065,2026-07-18,33.93,5
TX-627290,CUST-1393,2025-12-14,39.28,4
TX-643269,CUST-1466,2025-11-06,112.64,1
TX-269834,CUST-1078,2026-03-13,54.66,2
TX-462831,CUST-1165,2026-10-07,87.95,2
TX-987025,CUST-1485,2026-07-01,125.0,3
TX-765905,CUST-1040,2026-02-14,195.87,2
TX-231250,CUST-1489,2026-07-18,26.02,3
TX-659392,CUST-1320,2026-03-13,260.97,5
TX-720556,CUST-1047,2026-06-23,168.29,2
TX-279516,CUST-1482,2026-08-02,32.79,2
TX-454019,CUST-1337,2026-08-24,330.22,5
TX-965322,CUST-1431,2026-07-24,400.5,1
TX-147670,CUST-1442,2025-10-23,29.45,1
TX-377511,CUST-1485,2026-09-02,68.63,5
TX-536822,CUST-1333,2026-01-24,266.14,5
TX-622230,CUST-1316,2026-09-01,226.9,1
TX-403742,CUST-1455,2026-08-26,50.6,5
TX-356773,CUST-1328,2026-03-12,55.23,4
TX-411882,CUST-1412,2026-09-24,89.42,4
TX-265759,CUST-1232,2025-11-15,119.4,1
TX-587002,CUST-1225,2026-05-09,164.45,4
TX-250647,CUST-1104,2026-04-01,89.05,5
TX-518084,CUST-1160,2026-03-21,113.13,3
TX-688933,CUST-1066,2026-04-16,226.43,5
TX-589131,CUST-1054,2026-03-21,25.61,2
TX-359961,CUST-1062,2026-02-22,63.64,4
TX-404309,CUST-1072,2025-11-27,207.42,1
TX-538446,CUST-1484,2026-04-23,358.37,5
TX-705748,CUST-1127,2025-12-29,127.52,3
TX-900190,CUST-1369,2026-03-18,133.93,2
TX-589491,CUST-1081,2026-06-21,37.0,5
TX-124302,CUST-1255,2026-03-15,108.97,4
TX-579441,CUST-1046,2026-04-28,134.09,5
TX-711680,CUST-1494,2026-02-09,61.65,2
TX-395023,CUST-1180,2025-11-02,67.05,1
TX-399628,CUST-1253,2026-08-10,91.05,4
TX-551860,CUST-1274,2025-10-13,23.04,1
TX-900961,CUST-1068,2026-02-21,78.31,3
TX-520040,CUST-1206,2026-04-14,55.63,1
TX-304110,CUST-1026,2026-07-27,79.51,5
TX-177103,CUST-1185,2026-07-19,39.13,3
TX-901535,CUST-1197,2026-06-24,351.81,4
TX-813449,CUST-1281,2026-03-01,155.06,5
TX-201377,CUST-1312,2025-12-08,190.49,2
TX-684929,CUST-1201,2026-04-18,253.51,3
TX-308727,CUST-1480,2026-04-14,123.51,2
TX-624369,CUST-1308,2026-06-26,33.64,4
TX-243693,CUST-1020,2025-11-01,135.54,1
TX-644559,CUST-1365,2026-03-28,152.59,4
TX-640546,CUST-1233,2025-12-24,225.23,5
TX-434002,CUST-1071,2026-03-25,104.76,5
TX-875232,CUST-1083,2026-04-28,40.47,5
TX-452713,CUST-1431,2026-03-11,70.06,5
TX-613641,CUST-1259,2026-06-26,87.67,5
TX-597960,CUST-1362,2026-07-24,175.73,3
TX-447329,CUST-1417,2025-10-17,146.87,3
TX-712056,CUST-1344,2025-12-04,86.03,4
TX-725905,CUST-1157,2026-09-26,665.93,1
TX-705693,CUST-1242,2026-02-21,159.62,5
TX-603787,CUST-1116,2025-11-04,60.62,5
TX-912233,CUST-1087,2026-07-04,36.1,5
TX-961574,CUST-1430,2026-04-21,44.88,2
TX-700383,CUST-1348,2026-02-10,62.35,1
TX-300051,CUST-1485,2026-10-02,46.27,1
TX-539122,CUST-1009,2026-05-22,50.97,3
TX-530311,CUST-1077,2026-05-08,70.34,2
TX-989587,CUST-1256,2026-08-18,48.56,4
TX-643878,CUST-1376,2025-11-09,360.61,2
TX-794395,CUST-1106,2026-07-23,32.55,3
TX-428993,CUST-1244,2026-07-05,131.51,4
TX-659024,CUST-1489,2026-01-05,99.25,4
TX-808699,CUST-1175,2026-07-15,625.8,3
TX-739711,CUST-1395,2026-09-22,37.82,3
TX-392559,CUST-1247,2026-01-15,96.09,2
TX-412071,CUST-1285,2026-03-10,543.36,2
TX-823769,CUST-1394,2026-03-05,320.94,2
TX-603110,CUST-1360,2026-06-16,274.8,3
TX-401769,CUST-1178,2026-07-22,64.74,3
TX-498138,CUST-1062,2026-07-29,48.11,5
TX-910616,CUST-1458,2026-04-29,185.68,3
TX-144109,CUST-1411,2025-12-22,417.56,3
TX-463188,CUST-1147,2026-10-09,142.05,1
TX-883641,CUST-1473,2026-05-23,147.16,3
TX-968170,CUST-1245,2026-01-26,69.27,2
TX-829988,CUST-1275,2026-02-24,240.12,5
TX-745584,CUST-1139,2025-12-18,51.06,1
TX-354235,CUST-1379,2026-08-05,78.66,2
TX-336633,CUST-1025,2026-09-16,103.12,5
TX-205065,CUST-1326,2026-02-05,126.27,1
TX-205428,CUST-1211,2026-03-27,61.64,4
TX-677086,CUST-1348,2025-12-18,38.3,1
TX-784607,CUST-1475,2025-12-28,161.48,4
TX-782139,CUST-1478,2026-06-09,71.08,4
TX-399279,CUST-1102,2026-03-05,150.57,3
TX-783984,CUST-1330,2025-11-08,45.15,1
TX-874568,CUST-1293,2026-02-04,118.42,5
TX-538184,CUST-1370,2025-10-28,134.08,2
TX-976822,CUST-1451,2026-01-07,27.98,1
TX-885386,CUST-1203,2026-06-19,81.56,2
TX-109717,CUST-1492,2026-03-06,41.65,1
TX-212512,CUST-1152,2026-07-26,29.82,5
TX-576419,CUST-1475,2026-03-29,710.18,3
TX-617904,CUST-1328,2026-07-14,78.37,5
TX-590755,CUST-1455,2025-12-16,269.01,5
TX-446747,CUST-1139,2026-01-15,64.08,1
TX-853504,CUST-1083,2026-05-31,191.62,3
TX-929179,CUST-1095,2025-10-16,234.21,3
TX-284019,CUST-1151,2026-07-26,155.82,2
TX-967161,CUST-1312,2026-09-01,115.68,4
TX-190951,CUST-1218,2026-06-29,99.61,3
TX-293757,CUST-1205,2026-09-16,84.36,1
TX-360096,CUST-1071,2026-06-10,417.88,3
TX-346961,CUST-1003,2026-02-19,286.34,4
TX-416613,CUST-1228,2026-02-22,522.98,3
TX-374258,CUST-1298,2026-07-29,39.91,1
TX-165142,CUST-1334,2026-04-11,216.88,2
TX-421709,CUST-1341,2025-12-08,437.92,4
TX-837733,CUST-1081,2026-05-04,49.99,5
TX-769737,CUST-1394,2026-03-17,30.32,1
TX-744481,CUST-1469,2026-03-09,222.71,3
TX-601410,CUST-1113,2026-01-29,148.16,2
TX-491774,CUST-1078,2026-05-29,296.61,5
TX-593699,CUST-1212,2026-10-03,42.58,5
TX-898867,CUST-1387,2026-07-11,257.91,2
TX-925618,CUST-1126,2026-09-22,53.78,5
TX-653829,CUST-1041,2026-07-05,46.81,4
TX-691573,CUST-1360,2026-04-12,46.92,1
TX-630041,CUST-1057,2025-11-09,272.77,5
TX-257131,CUST-1103,2026-07-29,184.13,5
TX-563303,CUST-1084,2026-03-25,131.06,5
TX-851742,CUST-1059,2026-09-22,86.67,2
TX-635167,CUST-1298,2026-06-16,334.58,1
TX-238353,CUST-1228,2025-11-06,94.75,4
TX-691303,CUST-1262,2026-05-09,274.41,4
TX-805448,CUST-1029,2026-07-22,106.74,4
TX-515182,CUST-1413,2026-03-15,90.97,1
TX-706403,CUST-1130,2025-10-10,113.17,2
TX-461264,CUST-1037,2025-11-01,73.8,4
TX-163182,CUST-1358,2025-11-10,226.52,5
TX-133276,CUST-1478,2025-11-13,124.79,4
TX-906325,CUST-1146,2026-05-06,59.64,2
TX-492650,CUST-1069,2026-09-02,364.75,4
TX-495833,CUST-1456,2026-04-22,92.65,4
TX-239449,CUST-1192,2025-11-19,137.64,5
TX-287143,CUST-1334,2026-04-05,375.42,1
TX-233533,CUST-1275,2026-04-28,166.82,5
TX-892911,CUST-1372,2026-01-31,38.65,1
TX-806215,CUST-1011,2026-03-10,441.59,4
TX-657772,CUST-1368,2026-07-14,168.21,4
TX-583000,CUST-1194,2026-02-03,81.17,2
TX-297636,CUST-1177,2025-12-27,42.5,3
TX-948799,CUST-1479,2025-12-05,257.0,1
TX-903265,CUST-1338,2026-05-11,165.17,5
TX-316092,CUST-1479,2025-10-17,134.36,2
TX-135207,CUST-1034,2025-11-29,356.5,5
TX-356622,CUST-1228,2026-08-11,253.1,1
TX-560285,CUST-1379,2025-10-31,44.67,4
TX-891030,CUST-1119,2026-07-12,76.03,2
TX-628373,CUST-1442,2025-11-06,62.85,2
TX-434394,CUST-1148,2026-02-05,224.36,5
TX-348411,CUST-1295,2026-08-11,25.12,3
TX-331780,CUST-1154,2025-12-21,146.56,5
TX-163918,CUST-1211,2026-03-11,235.61,3
TX-756401,CUST-1285,2026-08-07,334.05,2
TX-619696,CUST-1347,2026-05-15,82.8,5
TX-923975,CUST-1024,2026-04-03,278.27,4
TX-528090,CUST-1268,2026-03-21,37.59,4
TX-292811,CUST-1076,2026-03-11,301.06,4
TX-352673,CUST-1386,2026-07-11,40.46,4
TX-999197,CUST-1434,2026-02-01,95.95,3
TX-160423,CUST-1362,2025-12-21,259.4,4
TX-684357,CUST-1287,2026-05-08,44.36,4
TX-354655,CUST-1271,2025-12-16,59.06,4
TX-778120,CUST-1130,2026-01-21,212.16,3
TX-196955,CUST-1040,2026-05-27,210.96,3
TX-381502,CUST-1274,2026-01-14,173.73,1
TX-732209,CUST-1193,2026-09-18,197.6,5
TX-943737,CUST-1020,2025-11-15,137.37,2
TX-327558,CUST-1389,2026-08-05,63.51,5
TX-417915,CUST-1245,2026-01-23,83.63,3
TX-299254,CUST-1489,2025-10-16,50.06,2
TX-354377,CUST-1492,2025-12-08,378.63,4
TX-515898,CUST-1356,2026-08-14,151.34,2
TX-437237,CUST-1468,2026-02-08,96.84,5
TX-588899,CUST-1397,2026-03-02,112.99,4
TX-423404,CUST-1273,2026-09-06,461.42,3
TX-621433,CUST-1133,2026-04-11,44.97,5
TX-898625,CUST-1238,2025-11-28,152.37,4
TX-488712,CUST-1429,2026-03-21,125.75,2
TX-689849,CUST-1160,2026-05-08,161.8,1
TX-117007,CUST-1442,2026-01-30,22.74,2
TX-707275,CUST-1133,2026-07-19,328.5,5
TX-259814,CUST-1368,2026-05-10,423.5,3
TX-498290,CUST-1100,2026-03-26,144.91,2
TX-677390,CUST-1291,2026-02-11,198.93,4
TX-369826,CUST-1335,2026-09-24,403.62,3
TX-583214,CUST-1390,2026-06-16,204.26,4
TX-246757,CUST-1086,2026-04-07,44.83,2
TX-292988,CUST-1368,2026-07-15,148.81,4
TX-649395,CUST-1469,2026-07-13,159.98,1
TX-901467,CUST-1017,2025-11-16,102.78,1
TX-983472,CUST-1003,2026-05-08,220.02,2
TX-841521,CUST-1322,2026-02-04,428.55,1
TX-630299,CUST-1077,2025-10-13,409.68,2
TX-747847,CUST-1233,2026-04-18,109.9,1
TX-606676,CUST-1326,2026-09-15,38.03,5
TX-106933,CUST-1337,2026-06-15,648.38,1
TX-112426,CUST-1272,2026-07-18,293.86,4
TX-661762,CUST-1008,2026-07-07,39.97,3
TX-952657,CUST-1146,2025-10-17,400.45,5
TX-945328,CUST-1357,2026-09-19,325.91,4
TX-200992,CUST-1481,2026-01-08,129.73,1
TX-301255,CUST-1268,2025-12-24,154.21,2
TX-954814,CUST-1317,2026-07-05,96.37,3
TX-182857,CUST-1181,2026-02-22,28.45,4
TX-692447,CUST-1191,2026-05-04,81.24,4
TX-414546,CUST-1124,2026-09-30,263.57,2
TX-198042,CUST-1350,2025-11-19,20.7,1
TX-679549,CUST-1207,2026-04-21,80.86,4
TX-836986,CUST-1243,2025-11-06,96.17,1
TX-986392,CUST-1087,2025-11-20,135.63,4
TX-693343,CUST-1222,2026-09-04,398.59,3
TX-144618,CUST-1439,2025-11-26,83.78,5
TX-598598,CUST-1117,2026-01-25,83.92,5
TX-817675,CUST-1138,2025-11-01,220.63,1
TX-690882,CUST-1473,2026-03-01,110.28,5
TX-991737,CUST-1336,2025-10-25,58.16,2
TX-715551,CUST-1161,2025-10-17,110.34,2
TX-180674,CUST-1073,2026-10-08,42.77,4
TX-352153,CUST-1153,2025-12-31,49.11,5
TX-447843,CUST-1290,2026-04-26,123.48,5
TX-625119,CUST-1196,2025-12-19,101.43,1
TX-202430,CUST-1381,2026-04-04,389.49,1
TX-457137,CUST-1223,2026-02-04,87.51,1
TX-515973,CUST-1309,2026-08-19,150.34,5
TX-764926,CUST-1496,2026-03-25,170.06,1
TX-339220,CUST-1139,2026-05-27,21.98,4
TX-552825,CUST-1182,2026-07-19,183.39,4
TX-792764,CUST-1095,2026-09-22,49.41,5
TX-409727,CUST-1194,2025-11-21,506.9,5
TX-186023,CUST-1408,2026-02-12,44.14,1
TX-846247,CUST-1137,2025-12-26,100.33,4
TX-875584,CUST-1401,2026-08-29,33.38,2
TX-211726,CUST-1199,2026-03-20,885.21,3
TX-566339,CUST-1046,2025-10-11,124.63,3
TX-238943,CUST-1184,2026-02-24,155.72,1
TX-570646,CUST-1044,2026-01-12,30.41,4
TX-527865,CUST-1285,2026-07-20,227.92,5
TX-471106,CUST-1052,2025-10-22,55.34,1
TX-727094,CUST-1283,2025-11-25,362.5,5
TX-112940,CUST-1401,2026-03-24,54.44,4
TX-917018,CUST-1149,2026-05-08,51.74,4
TX-699743,CUST-1043,2026-07-22,25.59,2
TX-277735,CUST-1266,2026-01-03,115.82,4
TX-381444,CUST-1071,2026-02-23,144.81,3
TX-275329,CUST-1252,2025-12-22,30.2,1
TX-414313,CUST-1222,2026-02-27,244.1,4
TX-363926,CUST-1247,2025-11-17,110.58,3
TX-722651,CUST-1483,2026-02-12,131.47,4
TX-212168,CUST-1315,2026-01-17,107.18,4
TX-514913,CUST-1069,2026-03-13,96.81,1
TX-943135,CUST-1170,2026-08-22,143.02,4
TX-450996,CUST-1441,2026-03-26,45.31,4
TX-242736,CUST-1220,2026-09-07,50.12,5
TX-829066,CUST-1153,2026-03-22,316.84,5
TX-286266,CUST-1102,2026-06-11,458.14,3
TX-405605,CUST-1493,2026-04-30,90.1,3
TX-703853,CUST-1376,2026-09-29,67.36,4
TX-494322,CUST-1400,2026-02-10,174.92,3
TX-219420,CUST-1143,2026-04-28,98.82,3
TX-720995,CUST-1477,2026-07-24,23.86,2
TX-128223,CUST-1279,2026-01-09,45.47,5
TX-559753,CUST-1487,2026-06-02,208.8,2
TX-958747,CUST-1408,2026-03-07,181.35,1
TX-245939,CUST-1434,2026-05-06,24.12,4
TX-364955,CUST-1324,2026-03-13,57.65,2
TX-927406,CUST-1337,2025-12-26,59.41,4
TX-726979,CUST-1193,2025-11-15,187.16,4
TX-660324,CUST-1245,2026-08-03,22.99,4
TX-670053,CUST-1259,2026-09-28,36.49,4
TX-722665,CUST-1018,2026-04-11,261.35,5
TX-906306,CUST-1326,2025-11-21,49.5,1
TX-274418,CUST-1127,2026-09-10,178.65,3
TX-690579,CUST-1331,2026-08-18,60.81,1
TX-889245,CUST-1330,2026-09-20,35.71,4
TX-111060,CUST-1169,2026-05-17,61.79,1
TX-635482,CUST-1050,2026-02-18,212.16,2
TX-708717,CUST-1382,2026-07-01,310.38,5
TX-567432,CUST-1352,2026-07-30,285.99,2
TX-909859,CUST-1191,2026-04-27,95.92,4
TX-258067,CUST-1347,2026-08-06,185.43,5
TX-209627,CUST-1176,2025-10-21,54.41,4
TX-221707,CUST-1151,2026-05-09,72.04,1
TX-427040,CUST-1425,2025-12-20,359.99,3
TX-646428,CUST-1175,2026-05-30,21.96,2
TX-202365,CUST-1247,2026-04-05,33.41,4
TX-434400,CUST-1224,2026-09-30,54.96,4
TX-949541,CUST-1034,2026-03-11,24.03,1
TX-990429,CUST-1363,2025-12-06,50.03,1
TX-810032,CUST-1175,2026-09-05,151.22,1
TX-641058,CUST-1409,2026-01-01,102.08,2
TX-447067,CUST-1089,2026-07-18,354.78,2
TX-343118,CUST-1286,2026-05-15,275.1,4
TX-295440,CUST-1408,2026-05-04,82.74,2
TX-514798,CUST-1327,2026-09-10,65.05,4
TX-571413,CUST-1014,2026-08-19,91.63,2
TX-104666,CUST-1303,2026-05-16,153.85,4
TX-391865,CUST-1360,2026-01-26,66.81,2
TX-705393,CUST-1385,2026-10-04,166.78,1
TX-483561,CUST-1052,2026-07-10,99.0,2
TX-219490,CUST-1166,2026-01-17,140.46,4
TX-653349,CUST-1134,2026-09-17,105.94,4
TX-725969,CUST-1494,2026-09-01,72.32,3
TX-715519,CUST-1198,2026-08-17,464.79,4
TX-986589,CUST-1058,2026-04-05,236.34,3
TX-953266,CUST-1234,2026-08-21,42.64,2
TX-744333,CUST-1344,2026-10-05,324.28,3
TX-428399,CUST-1302,2025-11-21,120.25,2
TX-222629,CUST-1060,2026-02-08,357.43,3
TX-635638,CUST-1093,2026-04-18,261.31,2
TX-244564,CUST-1198,2026-05-11,103.06,5
TX-294776,CUST-1294,2026-04-23,23.41,4
TX-827117,CUST-1249,2026-08-30,66.94,5
TX-681868,CUST-1470,2026-09-04,137.01,2
TX-247111,CUST-1085,2026-06-16,170.55,3
TX-749498,CUST-1095,2026-03-19,64.74,4
TX-608149,CUST-1027,2026-04-10,42.51,1
TX-688861,CUST-1069,2026-01-16,290.21,4
TX-529008,CUST-1258,2026-09-08,644.09,4
TX-844638,CUST-1350,2026-06-17,131.88,4
TX-275377,CUST-1430,2026-05-24,48.25,4
TX-934541,CUST-1042,2026-07-25,67.68,1
TX-134283,CUST-1389,2026-01-29,22.78,3
TX-402692,CUST-1140,2026-02-01,388.53,5
TX-878586,CUST-1086,2026-05-31,38.79,5
TX-635618,CUST-1395,2026-06-19,148.89,5
TX-380901,CUST-1057,2026-07-29,68.04,1
TX-668373,CUST-1396,2026-07-14,141.18,3
TX-672892,CUST-1421,2025-10-30,178.08,4
TX-871740,CUST-1111,2026-05-14,285.57,1
TX-412170,CUST-1424,2026-09-08,54.68,2
TX-375581,CUST-1447,2025-10-25,21.66,4
TX-223088,CUST-1178,2025-11-22,42.08,4
TX-950083,CUST-1397,2026-02-07,365.42,2
TX-845279,CUST-1377,2026-08-06,330.59,3
TX-274044,CUST-1312,2026-08-28,156.48,4
TX-953047,CUST-1315,2025-12-19,157.64,2
TX-467856,CUST-1105,2025-11-08,184.06,5
TX-664939,CUST-1272,2026-03-01,48.92,5
TX-403387,CUST-1086,2026-03-23,388.73,3
TX-812296,CUST-1293,2026-02-22,101.39,5
TX-886530,CUST-1417,2025-11-26,92.47,2
TX-390794,CUST-1402,2026-05-07,129.76,1
TX-835499,CUST-1443,2026-09-09,27.22,2
TX-253347,CUST-1443,2025-12-15,47.28,2
TX-898462,CUST-1364,2026-03-22,220.93,2
TX-613234,CUST-1431,2026-09-20,32.96,4
TX-758309,CUST-1072,2026-07-31,158.63,3
TX-179184,CUST-1212,2026-04-19,62.23,4
TX-640659,CUST-1324,2025-11-25,93.97,4
TX-576782,CUST-1383,2026-02-28,71.1,3
TX-710224,CUST-1486,2026-06-15,85.93,3
TX-765678,CUST-1001,2025-11-25,210.43,4
TX-991401,CUST-1340,2026-10-01,72.89,3
TX-328411,CUST-1032,2026-07-09,145.35,4
TX-618746,CUST-1495,2026-05-16,116.95,2
TX-454161,CUST-1137,2026-03-23,183.45,3
TX-693643,CUST-1280,2026-07-31,434.29,2
TX-815707,CUST-1436,2026-06-14,217.84,3
TX-204411,CUST-1390,2025-11-02,56.3,1
TX-230272,CUST-1320,2026-06-01,24.75,1
TX-578693,CUST-1475,2025-12-28,65.63,4
TX-822040,CUST-1000,2026-05-16,155.61,2
TX-266699,CUST-1465,2025-12-15,27.92,3
TX-786385,CUST-1447,2026-02-26,122.89,1
TX-489906,CUST-1184,2026-02-14,156.26,1
TX-154302,CUST-1340,2026-09-06,81.02,2
TX-861253,CUST-1202,2026-08-25,241.05,3
TX-787326,CUST-1358,2026-02-05,36.91,4
TX-101139,CUST-1046,2026-10-04,31.72,1
TX-239145,CUST-1109,2026-06-10,215.4,1
TX-813013,CUST-1303,2026-02-01,122.63,5
TX-829386,CUST-1227,2025-10-13,194.91,1
TX-827744,CUST-1175,2025-12-09,105.59,4
TX-340068,CUST-1067,2026-06-10,62.43,1
TX-208214,CUST-1196,2025-11-23,276.47,1
TX-243790,CUST-1160,2026-04-15,260.98,3
TX-171734,CUST-1195,2025-12-16,197.97,2
TX-739966,CUST-1271,2026-07-24,67.65,1
TX-468247,CUST-1332,2026-01-01,153.82,4
TX-531709,CUST-1369,2026-01-26,87.17,2
TX-327797,CUST-1315,2026-09-25,34.41,4
TX-888996,CUST-1044,2025-11-29,393.9,2
TX-468611,CUST-1063,2026-08-06,42.07,4
TX-929504,CUST-1493,2026-05-16,470.07,3
TX-775933,CUST-1071,2026-02-12,108.59,3
TX-730193,CUST-1043,2026-02-13,50.71,5
TX-916808,CUST-1307,2026-08-16,137.1,3
TX-989079,CUST-1481,2026-09-27,329.47,1
TX-315425,CUST-1433,2026-09-11,217.64,3
TX-297810,CUST-1265,2026-08-15,266.42,5
TX-777558,CUST-1382,2026-04-27,181.29,3
TX-504630,CUST-1027,2026-02-08,196.78,4
TX-769077,CUST-1057,2026-02-09,303.77,4
TX-112653,CUST-1304,2025-11-14,63.09,5
TX-505629,CUST-1184,2026-03-20,120.83,2
TX-483162,CUST-1440,2026-07-27,57.5,4
TX-899776,CUST-1279,2026-09-23,679.33,2
TX-715895,CUST-1241,2025-11-15,452.52,1
TX-326222,CUST-1034,2025-10-16,26.03,3
TX-631219,CUST-1020,2025-11-08,203.41,4
TX-904373,CUST-1146,2026-08-26,409.04,5
TX-186431,CUST-1212,2026-05-13,49.87,4
TX-745972,CUST-1327,2026-07-10,145.88,5
TX-424960,CUST-1078,2026-02-28,390.63,1
TX-947312,CUST-1040,2026-06-27,25.18,2
TX-509711,CUST-1079,2026-07-10,199.31,3
TX-425236,CUST-1300,2026-08-29,72.93,1
TX-160718,CUST-1357,2026-05-20,407.34,2
TX-221620,CUST-1125,2025-11-22,551.37,4
TX-157701,CUST-1232,2026-08-18,453.08,5
TX-225245,CUST-1158,2026-09-15,116.43,2
TX-835575,CUST-1006,2026-10-06,317.12,2
TX-463546,CUST-1005,2025-12-31,299.21,4
TX-275073,CUST-1267,2026-06-30,77.65,3
TX-868538,CUST-1190,2025-12-12,284.84,3
TX-451284,CUST-1453,2025-12-08,25.66,1
TX-649300,CUST-1413,2026-05-16,156.05,3
TX-758015,CUST-1032,2026-02-20,59.21,5
TX-635593,CUST-1039,2026-06-20,39.27,4
TX-694423,CUST-1184,2025-11-06,32.01,4
TX-367508,CUST-1085,2026-04-15,198.75,2
TX-806866,CUST-1395,2025-11-30,82.3,5
TX-876764,CUST-1370,2025-12-07,213.52,2
TX-112884,CUST-1260,2025-10-10,30.14,1
TX-481657,CUST-1125,2025-11-01,76.81,4
TX-999138,CUST-1196,2025-12-24,136.31,2
TX-335421,CUST-1018,2026-07-19,254.61,4
TX-855276,CUST-1164,2026-02-13,77.57,4
TX-699298,CUST-1163,2026-02-24,167.48,1
TX-806033,CUST-1190,2025-12-09,345.7,5
TX-334026,CUST-1461,2025-11-04,163.51,2
TX-520400,CUST-1411,2026-06-30,59.78,1
TX-911102,CUST-1035,2026-06-04,23.71,3
TX-190581,CUST-1432,2026-03-17,326.15,3
TX-486839,CUST-1283,2026-05-30,23.22,1
TX-922615,CUST-1102,2026-03-07,331.56,5
TX-586462,CUST-1155,2026-08-23,132.91,2
TX-910143,CUST-1188,2026-08-07,439.7,4
TX-897423,CUST-1397,2026-01-17,260.51,5
TX-106687,CUST-1407,2026-02-11,947.33,2
TX-344315,CUST-1477,2026-05-06,84.78,1
TX-451291,CUST-1277,2026-04-04,238.63,1
TX-990247,CUST-1000,2026-09-10,97.11,4
TX-315161,CUST-1377,2026-03-15,118.05,1
TX-615929,CUST-1271,2026-02-07,168.13,4
TX-846221,CUST-1492,2025-11-08,330.34,2
TX-342716,CUST-1143,2025-11-25,641.06,1
TX-834891,CUST-1459,2026-07-02,239.33,4
TX-884229,CUST-1458,2026-04-17,101.13,4
TX-629979,CUST-1043,2026-08-02,102.06,1
TX-178465,CUST-1068,2026-08-31,220.67,4
TX-556112,CUST-1303,2026-07-26,60.92,1
TX-405844,CUST-1339,2025-12-14,37.56,2
TX-834764,CUST-1133,2026-03-19,85.69,4
TX-574751,CUST-1425,2026-03-25,70.79,3
TX-312559,CUST-1139,2026-02-05,72.71,1
TX-262959,CUST-1069,2026-08-04,59.91,1
TX-588694,CUST-1054,2026-01-01,26.45,4
TX-661957,CUST-1160,2026-05-05,22.71,1
TX-423284,CUST-1183,2026-01-23,680.0,4
TX-194813,CUST-1237,2026-02-21,103.73,1
TX-966529,CUST-1080,2026-09-25,92.76,3
TX-142288,CUST-1360,2026-09-30,190.75,5
TX-195643,CUST-1110,2026-03-25,56.93,2
TX-515492,CUST-1364,2026-02-13,469.24,3
TX-372804,CUST-1262,2025-11-03,251.51,3
TX-524035,CUST-1419,2026-01-06,34.05,1
TX-884417,CUST-1437,2026-05-28,101.08,5
TX-584487,CUST-1281,2026-02-13,336.94,1
TX-112537,CUST-1052,2025-12-19,454.33,1
TX-307757,CUST-1031,2026-01-30,114.5,2
TX-819622,CUST-1421,2026-05-02,162.56,3
TX-710610,CUST-1322,2026-09-04,47.41,1
TX-122859,CUST-1300,2026-02-18,729.42,1
TX-948611,CUST-1033,2026-01-18,59.53,4
TX-228479,CUST-1065,2025-11-25,449.0,3
TX-276149,CUST-1021,2026-06-02,177.32,1
TX-961599,CUST-1473,2026-07-29,160.37,4
TX-130914,CUST-1370,2026-04-29,127.83,4
TX-281201,CUST-1195,2026-09-23,59.34,4
TX-388339,CUST-1181,2026-01-26,49.13,2
TX-136332,CUST-1143,2026-05-25,57.36,2
TX-357724,CUST-1314,2026-08-22,50.95,5
TX-532005,CUST-1331,2026-03-09,246.84,4
TX-163941,CUST-1451,2026-07-17,84.65,4
TX-243902,CUST-1044,2026-03-01,28.94,4
TX-361250,CUST-1214,2026-01-19,541.56,5
TX-501078,CUST-1322,2026-07-14,342.85,1
TX-602985,CUST-1400,2026-10-09,414.15,3
TX-693128,CUST-1278,2026-06-14,812.01,3
TX-383572,CUST-1257,2026-03-22,48.66,4
TX-726121,CUST-1092,2025-10-22,95.69,3
TX-161437,CUST-1112,2025-10-24,232.97,3
TX-474795,CUST-1414,2026-06-07,198.62,5
TX-267378,CUST-1392,2026-08-04,45.07,2
TX-379473,CUST-1051,2026-02-12,273.79,2
TX-703656,CUST-1273,2025-11-06,58.13,2
TX-979988,CUST-1433,2026-04-25,58.01,3
TX-348041,CUST-1432,2026-01-05,135.5,2
TX-720298,CUST-1303,2026-03-20,154.82,3
TX-695225,CUST-1014,2026-10-04,150.16,3
TX-297377,CUST-1288,2025-12-20,34.39,5
TX-424065,CUST-1428,2026-06-18,334.9,5
TX-194641,CUST-1089,2026-06-17,66.31,1
TX-329437,CUST-1028,2026-02-05,40.81,5
TX-100716,CUST-1010,2026-07-05,349.39,4
TX-945619,CUST-1169,2026-08-19,487.35,2
TX-941403,CUST-1066,2026-04-01,317.21,2
TX-122977,CUST-1432,2026-03-23,268.73,1
TX-911982,CUST-1075,2026-08-05,179.74,2
TX-176054,CUST-1056,2026-07-05,140.06,3
TX-714483,CUST-1191,2026-10-04,33.65,4
TX-438273,CUST-1051,2026-03-30,98.75,3
TX-930307,CUST-1069,2025-12-28,89.95,4
TX-282664,CUST-1327,2026-06-15,65.12,3
TX-925220,CUST-1362,2026-07-23,212.79,5
TX-954017,CUST-1182,2026-01-31,122.74,5
TX-869649,CUST-1089,2026-04-20,32.68,3
TX-286340,CUST-1352,2026-03-08,57.3,2
TX-510623,CUST-1373,2025-10-09,192.45,5
TX-290926,CUST-1435,2026-07-26,31.88,1
TX-331625,CUST-1308,2026-03-20,305.78,5
TX-620287,CUST-1327,2026-07-25,122.52,1
TX-349556,CUST-1072,2026-03-27,118.26,1
TX-767090,CUST-1177,2026-03-21,154.62,2
TX-568325,CUST-1453,2025-11-23,281.17,3
TX-361662,CUST-1005,2026-02-21,84.11,2
TX-369125,CUST-1354,2025-11-12,189.99,3
TX-150486,CUST-1402,2025-12-03,145.11,1
TX-274418,CUST-1197,2026-05-21,66.6,4
TX-497108,CUST-1452,2026-05-08,336.34,4
TX-206355,CUST-1179,2026-07-15,259.5,4
TX-782591,CUST-1424,2026-06-11,181.14,5
TX-270557,CUST-1388,2026-09-25,305.15,2
TX-409234,CUST-1231,2025-11-15,322.94,1
TX-209812,CUST-1010,2026-03-21,204.84,3
TX-493696,CUST-1037,2026-04-02,292.11,2
TX-197627,CUST-1082,2025-11-16,199.34,5
TX-606186,CUST-1173,2026-08-09,190.98,5
TX-785386,CUST-1360,2025-10-24,164.59,4
TX-264735,CUST-1084,2026-08-15,229.58,4
TX-315535,CUST-1027,2025-11-29,45.9,3
TX-831063,CUST-1498,2026-01-14,339.13,4
TX-792687,CUST-1283,2026-07-12,328.18,3
TX-200575,CUST-1144,2026-03-10,24.45,2
TX-676363,CUST-1025,2026-04-28,282.15,5
TX-157152,CUST-1430,2026-06-17,40.69,2
TX-191884,CUST-1184,2025-10-10,81.22,4
TX-603660,CUST-1150,2026-09-12,224.1,5
TX-317005,CUST-1102,2025-11-27,46.29,1
TX-185916,CUST-1087,2026-08-31,275.54,3
TX-923002,CUST-1242,2025-12-07,287.69,3
TX-793150,CUST-1203,2026-06-07,126.23,4
TX-506351,CUST-1135,2025-11-24,20.96,5
TX-487345,CUST-1094,2026-04-16,70.75,4
TX-376085,CUST-1095,2026-05-25,163.93,1
TX-337232,CUST-1225,2026-06-04,615.97,3
TX-164633,CUST-1428,2026-02-23,169.87,5
TX-189870,CUST-1077,2026-09-30,65.13,1
TX-534096,CUST-1342,2026-04-03,170.77,5
TX-680493,CUST-1497,2026-08-06,136.47,2
TX-538967,CUST-1031,2026-04-25,247.01,5
TX-700534,CUST-1494,2026-07-10,36.97,4
TX-413369,CUST-1451,2026-02-06,234.71,4
TX-626491,CUST-1040,2026-04-29,136.89,1
TX-810446,CUST-1292,2026-06-30,514.49,5
TX-893969,CUST-1317,2025-12-23,82.75,1
TX-322182,CUST-1229,2026-01-05,170.2,2
TX-144748,CUST-1413,2026-01-15,423.3,2
TX-311727,CUST-1216,2025-11-18,36.22,4
TX-974625,CUST-1421,2026-08-26,435.24,2
TX-862422,CUST-1304,2026-02-18,194.66,3
TX-506951,CUST-1468,2025-11-12,30.54,1
TX-441968,CUST-1284,2026-04-30,73.71,5
TX-580412,CUST-1438,2026-02-27,204.74,5
TX-716118,CUST-1469,2025-10-15,30.46,5
TX-534574,CUST-1267,2026-05-11,150.9,1
TX-716493,CUST-1076,2025-12-23,83.67,5
TX-690016,CUST-1298,2025-11-29,165.5,1
TX-661652,CUST-1399,2025-11-29,27.02,3
TX-376967,CUST-1450,2026-04-03,327.82,4
TX-699809,CUST-1196,2026-09-09,564.53,4
TX-280564,CUST-1311,2026-06-08,540.48,1
TX-748276,CUST-1141,2026-05-03,227.74,2
TX-140666,CUST-1311,2026-09-22,40.9,4
TX-151685,CUST-1202,2026-03-27,232.99,2
TX-490532,CUST-1381,2026-06-09,23.73,3
TX-426053,CUST-1010,2026-03-30,23.36,3
TX-339030,CUST-1143,2026-06-17,78.65,1
TX-911630,CUST-1068,2026-03-11,120.6,4
TX-864201,CUST-1422,2026-03-22,240.72,3
TX-297064,CUST-1213,2026-08-14,192.47,1
TX-876936,CUST-1226,2026-01-25,108.56,4
TX-960899,CUST-1248,2026-06-30,67.95,3
TX-168804,CUST-1028,2026-06-29,897.73,2
TX-522979,CUST-1159,2026-10-07,103.32,5
TX-130354,CUST-1069,2026-07-04,110.05,5
TX-977633,CUST-1088,2026-01-15,46.8,2
TX-578621,CUST-1029,2026-02-13,257.57,1
TX-387286,CUST-1025,2026-04-11,197.47,2
TX-516224,CUST-1188,2026-06-03,57.42,5
TX-353690,CUST-1325,2025-12-11,32.9,1
TX-567773,CUST-1190,2026-06-16,191.15,5
TX-678115,CUST-1090,2026-06-08,179.42,5
TX-978343,CUST-1179,2026-04-03,67.88,2
TX-398916,CUST-1457,2026-02-18,471.97,1
TX-270820,CUST-1014,2026-04-24,44.56,1
TX-998746,CUST-1437,2026-07-28,104.93,2
TX-810614,CUST-1113,2026-09-05,451.34,2
TX-638214,CUST-1105,2026-02-23,101.64,4
TX-597126,CUST-1010,2026-09-23,172.63,1
TX-730343,CUST-1466,2025-12-15,96.02,2
TX-364650,CUST-1410,2025-10-13,68.08,2
TX-544393,CUST-1311,2026-03-14,640.07,3
TX-581294,CUST-1458,2026-04-19,98.98,3
TX-416822,CUST-1129,2026-01-28,356.79,4
TX-516444,CUST-1346,2026-07-02,59.2,5
TX-636361,CUST-1299,2025-11-30,55.95,1
TX-778787,CUST-1339,2026-04-18,24.74,5
TX-412974,CUST-1304,2026-08-16,178.19,3
TX-166938,CUST-1350,2025-12-03,88.95,4
TX-390334,CUST-1172,2026-02-27,319.66,3
TX-297509,CUST-1133,2026-09-09,116.14,3
TX-159532,CUST-1076,2026-06-30,537.21,2
TX-792616,CUST-1412,2026-08-12,50.78,4
TX-856320,CUST-1163,2026-09-22,324.45,2
TX-409963,CUST-1013,2026-09-09,244.82,4
TX-507135,CUST-1132,2026-05-11,241.05,4
TX-842464,CUST-1377,2025-10-27,299.44,5
TX-861842,CUST-1292,2026-01-14,234.71,3
TX-769320,CUST-1365,2026-01-30,167.61,5
TX-631958,CUST-1401,2026-06-09,41.1,3
TX-289934,CUST-1153,2026-01-04,24.96,5
TX-234159,CUST-1150,2025-11-27,400.46,4
TX-899977,CUST-1379,2026-02-18,163.82,5
TX-786224,CUST-1467,2026-01-10,258.84,3
TX-334176,CUST-1045,2026-01-30,118.53,3
TX-926372,CUST-1381,2026-03-15,38.72,4
TX-373216,CUST-1454,2026-03-27,40.06,3
TX-992562,CUST-1299,2026-03-08,193.55,4
TX-765213,CUST-1060,2026-06-06,104.4,1
TX-174675,CUST-1298,2026-08-02,53.57,5
TX-225636,CUST-1241,2026-01-16,121.47,5
TX-655575,CUST-1444,2026-09-22,29.95,4
TX-995735,CUST-1152,2026-05-08,150.83,1
TX-459315,CUST-1077,2025-12-18,67.0,2
TX-250181,CUST-1209,2026-07-27,259.6,4
TX-611265,CUST-1161,2026-01-09,75.74,1
TX-428638,CUST-1170,2026-08-28,111.11,2
TX-574012,CUST-1324,2025-11-07,21.75,1
TX-704272,CUST-1140,2026-01-24,31.28,2
TX-923353,CUST-1391,2025-12-29,94.76,4
TX-744328,CUST-1390,2025-11-23,118.07,2
TX-522988,CUST-1222,2026-08-29,157.45,4
TX-104895,CUST-1219,2026-06-10,71.73,4
TX-866151,CUST-1019,2026-07-09,198.11,2
TX-893612,CUST-1191,2025-10-16,315.05,3
TX-118786,CUST-1426,2026-07-07,247.02,2
TX-337256,CUST-1346,2025-10-11,26.06,2
TX-235193,CUST-1355,2026-04-03,118.24,3
TX-717265,CUST-1052,2026-04-23,36.63,5
TX-963862,CUST-1156,2026-01-02,61.57,1
TX-578073,CUST-1023,2026-03-10,667.58,3
TX-649577,CUST-1372,2026-07-02,43.06,5
TX-459381,CUST-1172,2026-05-19,123.64,2
TX-886553,CUST-1461,2026-06-16,164.41,3
TX-120053,CUST-1096,2026-01-01,201.83,4
TX-321449,CUST-1116,2026-01-31,143.03,2
TX-629146,CUST-1375,2025-10-20,21.47,5
TX-845652,CUST-1086,2025-12-11,79.28,3
TX-771425,CUST-1333,2025-10-28,129.38,4
TX-150947,CUST-1130,2026-07-09,33.8,5
TX-785315,CUST-1304,2025-11-02,84.76,1
TX-823255,CUST-1428,2025-10-19,25.07,1
TX-498724,CUST-1059,2026-05-10,32.28,4
TX-597440,CUST-1063,2026-07-16,95.86,3
TX-828961,CUST-1359,2025-12-26,41.36,2
TX-415743,CUST-1351,2026-08-27,145.74,1
TX-794663,CUST-1215,2026-09-12,195.42,1
TX-735053,CUST-1266,2026-02-24,261.86,5
TX-971002,CUST-1358,2025-12-18,53.5,4
TX-853681,CUST-1460,2025-12-01,47.5,5
TX-219550,CUST-1316,2025-12-08,36.57,3
TX-308296,CUST-1401,2025-12-02,171.77,4
TX-971889,CUST-1311,2026-01-19,203.87,3
TX-837606,CUST-1267,2026-01-20,24.81,3
TX-141319,CUST-1209,2026-03-09,432.83,2
TX-821634,CUST-1280,2026-06-20,28.01,2
TX-345896,CUST-1477,2026-06-12,136.9,3
TX-215795,CUST-1001,2025-10-15,205.2,1
TX-256389,CUST-1427,2026-07-29,327.16,4
TX-178693,CUST-1486,2025-11-24,207.81,5
TX-775636,CUST-1370,2025-11-29,262.72,3
TX-376955,CUST-1118,2026-05-30,82.2,3
TX-952679,CUST-1237,2025-11-03,272.97,1
TX-477712,CUST-1089,2025-10-29,32.53,3
TX-546688,CUST-1410,2026-09-20,357.81,3
TX-992596,CUST-1378,2025-12-07,138.98,1
TX-993385,CUST-1388,2025-11-01,274.98,1
TX-444625,CUST-1070,2026-09-13,110.31,2
TX-381342,CUST-1183,2026-05-21,174.75,5
TX-954551,CUST-1449,2025-11-25,132.11,3
TX-520245,CUST-1175,2026-01-10,217.29,1
TX-976303,CUST-1204,2026-05-30,32.77,3
TX-938754,CUST-1197,2026-09-27,29.34,4
TX-218548,CUST-1215,2026-09-06,62.57,2
TX-985364,CUST-1067,2026-09-30,46.07,1
TX-719446,CUST-1081,2025-12-01,328.11,4
TX-290065,CUST-1247,2026-07-27,57.12,4
TX-741055,CUST-1312,2026-04-21,578.62,3
TX-606545,CUST-1014,2026-09-24,81.62,2
TX-531262,CUST-1471,2026-06-15,50.16,1
TX-374320,CUST-1225,2025-11-01,253.88,1
TX-838793,CUST-1335,2026-03-18,181.25,1
TX-904812,CUST-1444,2026-09-21,123.43,5
TX-334865,CUST-1380,2026-07-31,141.57,5
TX-644315,CUST-1489,2026-09-16,210.52,3
TX-199868,CUST-1267,2026-09-26,58.9,5
TX-605339,CUST-1221,2026-09-12,861.29,2
TX-255875,CUST-1177,2026-09-13,572.1,4
TX-157216,CUST-1429,2026-07-21,177.61,5
TX-630126,CUST-1005,2026-09-03,53.39,2
TX-273438,CUST-1434,2026-06-06,191.02,4
TX-352593,CUST-1038,2026-06-17,31.24,3
TX-631553,CUST-1169,2026-02-28,24.67,1
TX-522866,CUST-1114,2026-07-17,64.7,4
TX-581395,CUST-1418,2026-02-06,113.16,1
TX-192295,CUST-1227,2026-07-29,324.05,4
TX-431414,CUST-1438,2026-06-21,214.84,4
TX-207629,CUST-1060,2026-06-20,223.63,1
TX-684194,CUST-1206,2026-05-08,103.14,1
TX-930244,CUST-1281,2025-10-09,83.68,1
TX-633030,CUST-1309,2026-08-21,89.55,3
TX-457411,CUST-1287,2026-01-22,679.11,4
TX-985331,CUST-1186,2025-11-05,26.14,2
TX-904694,CUST-1232,2026-03-27,322.65,5
TX-851470,CUST-1317,2026-08-12,149.65,4
TX-219562,CUST-1336,2026-04-13,106.6,4
TX-102303,CUST-1049,2026-09-11,213.79,2
TX-674295,CUST-1174,2026-04-08,120.03,3
TX-148001,CUST-1267,2026-04-18,330.04,1
TX-247271,CUST-1459,2026-01-01,366.44,4
TX-366641,CUST-1420,2026-05-06,102.15,1
TX-226611,CUST-1312,2026-01-17,68.62,2
TX-579247,CUST-1476,2026-04-28,154.6,2
TX-213000,CUST-1422,2026-01-14,385.18,3
TX-764000,CUST-1387,2026-05-09,55.48,1
TX-229204,CUST-1428,2026-09-18,166.31,5
TX-790441,CUST-1395,2026-05-27,169.77,4
TX-623059,CUST-1301,2026-06-24,218.14,2
TX-680099,CUST-1002,2026-07-07,41.16,1
TX-606390,CUST-1478,2026-05-18,208.72,5
TX-825423,CUST-1473,2026-06-26,379.59,2
TX-208584,CUST-1296,2026-01-05,49.71,2
TX-735605,CUST-1198,2026-09-10,60.68,5
TX-503348,CUST-1451,2026-03-22,553.13,5
TX-386886,CUST-1214,2026-08-16,49.95,2
TX-574843,CUST-1203,2026-04-02,309.02,3
TX-532794,CUST-1412,2025-12-16,121.67,2
TX-413433,CUST-1308,2026-10-02,62.6,5
TX-429159,CUST-1431,2026-10-03,326.9,5
TX-310647,CUST-1364,2026-07-19,108.4,2
TX-819964,CUST-1107,2026-08-24,128.48,3
TX-844904,CUST-1176,2026-09-18,86.76,2
TX-668843,CUST-1332,2026-01-08,154.82,5
TX-844858,CUST-1355,2026-08-31,46.78,3
TX-603704,CUST-1059,2026-04-07,94.41,5
TX-806995,CUST-1298,2026-07-28,543.07,4
TX-988459,CUST-1382,2026-07-09,64.79,3
TX-211642,CUST-1216,2025-10-15,180.39,5
TX-155642,CUST-1012,2026-04-22,79.0,2
TX-379947,CUST-1343,2025-11-06,242.73,2
TX-816586,CUST-1384,2025-12-30,41.04,3
TX-824141,CUST-1128,2025-12-22,545.09,1
TX-890200,CUST-1401,2026-03-09,110.71,2
TX-953568,CUST-1277,2025-10-25,60.39,3
TX-808340,CUST-1231,2025-11-30,31.45,5
TX-878476,CUST-1378,2026-07-23,47.91,2
TX-349136,CUST-1331,2026-07-23,130.02,4
TX-826596,CUST-1261,2026-09-30,81.65,3
TX-506380,CUST-1340,2025-11-02,284.81,4
TX-678944,CUST-1213,2026-09-24,104.55,3
TX-312952,CUST-1027,2025-10-15,62.9,3
TX-764575,CUST-1317,2026-05-23,164.01,2
TX-891787,CUST-1360,2026-10-07,204.02,3
TX-306012,CUST-1301,2026-07-15,47.42,5
TX-570616,CUST-1397,2026-01-16,47.52,3
TX-296059,CUST-1090,2026-09-23,25.6,1
TX-225151,CUST-1492,2026-01-05,220.0,5
TX-392670,CUST-1193,2025-10-29,183.51,4
TX-268746,CUST-1284,2026-02-21,116.55,2
TX-446620,CUST-1299,2026-02-16,298.85,1
TX-141880,CUST-1238,2026-10-07,265.73,2
TX-153325,CUST-1078,2026-03-23,152.05,5
TX-984096,CUST-1396,2026-08-25,324.05,5
TX-928278,CUST-1338,2026-03-12,54.57,4
TX-176421,CUST-1293,2026-07-17,37.8,3
TX-650916,CUST-1401,2026-10-06,67.16,3
TX-171488,CUST-1112,2026-01-11,28.82,5
TX-536135,CUST-1402,2026-06-24,133.63,2
TX-196411,CUST-1278,2026-07-10,433.76,4
TX-795556,CUST-1178,2026-01-30,26.02,2
TX-407835,CUST-1169,2026-03-27,39.54,3
TX-597923,CUST-1111,2026-08-21,110.28,5
TX-220294,CUST-1287,2026-09-06,427.43,1
TX-352023,CUST-1342,2026-04-04,77.0,4
TX-751303,CUST-1463,2026-09-02,126.16,5
TX-499898,CUST-1124,2025-10-29,26.37,3
TX-369054,CUST-1468,2025-12-06,44.09,4
TX-641975,CUST-1276,2026-03-02,667.21,1
TX-941814,CUST-1420,2026-04-18,523.37,5
TX-145981,CUST-1260,2026-05-25,20.74,4
TX-435872,CUST-1151,2026-09-07,474.9,2
TX-275526,CUST-1263,2025-11-20,172.88,1
TX-107686,CUST-1497,2026-07-11,323.65,5
TX-802897,CUST-1320,2025-11-11,110.97,2
TX-976258,CUST-1322,2026-01-26,128.73,4
TX-969005,CUST-1053,2026-01-22,120.66,5
TX-883171,CUST-1359,2026-05-19,184.88,1
TX-581532,CUST-1351,2025-12-26,42.56,1
TX-191772,CUST-1367,2026-03-27,24.56,1
TX-932794,CUST-1037,2025-11-05,75.21,2
TX-702891,CUST-1128,2026-07-21,202.95,1
TX-527433,CUST-1420,2026-02-02,53.82,3
TX-554059,CUST-1198,2026-05-27,187.87,4
TX-806004,CUST-1161,2025-10-17,545.54,4
TX-772580,CUST-1060,2026-07-09,34.79,1
TX-892682,CUST-1368,2026-08-21,187.49,1
TX-834928,CUST-1381,2026-08-04,107.98,1
TX-627262,CUST-1434,2025-11-15,323.9,3
TX-736030,CUST-1054,2026-03-06,49.25,3
TX-499941,CUST-1044,2026-03-02,196.95,4
TX-597012,CUST-1202,2026-09-12,293.13,1
TX-243006,CUST-1080,2026-07-09,454.01,2
TX-409307,CUST-1382,2026-04-27,192.45,5
TX-412534,CUST-1491,2026-08-29,123.13,2
TX-111691,CUST-1346,2026-09-05,164.29,3
TX-229221,CUST-1283,2026-07-20,324.77,2
TX-725637,CUST-1021,2025-10-11,146.81,5
TX-189261,CUST-1201,2026-07-11,24.63,5
TX-322022,CUST-1156,2026-01-24,420.94,3
TX-249375,CUST-1211,2026-09-04,195.45,5
TX-746850,CUST-1082,2026-01-11,189.29,2
TX-220190,CUST-1427,2026-02-15,56.44,2
TX-993650,CUST-1092,2026-09-17,181.33,5
TX-775990,CUST-1027,2026-07-17,95.1,4
TX-804313,CUST-1281,2025-11-15,178.0,3
TX-307007,CUST-1034,2026-02-14,36.91,1
TX-446922,CUST-1371,2026-08-02,180.87,4
TX-204904,CUST-1182,2025-12-13,1136.26,2
TX-302897,CUST-1145,2026-08-22,27.41,1
TX-444295,CUST-1162,2026-06-14,586.98,4
TX-827143,CUST-1315,2026-09-11,98.36,3
TX-694397,CUST-1299,2025-12-26,326.91,5
TX-276831,CUST-1186,2026-03-19,248.75,4
TX-923824,CUST-1002,2026-03-18,145.56,2
TX-390119,CUST-1113,2026-10-08,221.17,4
TX-812591,CUST-1430,2026-04-11,336.2,2
TX-585331,CUST-1375,2026-03-27,97.66,4
TX-610626,CUST-1228,2026-04-10,79.41,3
TX-776909,CUST-1282,2025-12-03,185.21,2
TX-966589,CUST-1310,2025-11-19,267.42,3
TX-376021,CUST-1071,2026-07-11,235.5,2
TX-862760,CUST-1375,2026-08-25,259.78,1
TX-762308,CUST-1038,2025-10-18,105.79,5
TX-524814,CUST-1015,2026-08-02,275.43,5
TX-138436,CUST-1393,2026-08-07,39.21,2
TX-665892,CUST-1282,2026-02-19,137.95,5
TX-483588,CUST-1241,2026-09-08,20.87,2
TX-868844,CUST-1200,2026-01-31,78.86,5
TX-587274,CUST-1438,2026-03-06,88.47,2
TX-516059,CUST-1256,2026-06-27,95.67,1
TX-794868,CUST-1186,2026-06-23,198.35,1
TX-893988,CUST-1122,2026-08-19,93.79,2
TX-266956,CUST-1263,2025-12-19,109.32,4
TX-791444,CUST-1091,2026-07-25,60.68,5
TX-476224,CUST-1446,2025-12-22,90.08,4
TX-343007,CUST-1020,2026-01-29,58.67,4
TX-345386,CUST-1032,2026-02-21,31.4,3
TX-643042,CUST-1021,2026-09-16,158.74,2
TX-592489,CUST-1464,2026-04-11,185.49,4
TX-141843,CUST-1469,2026-05-29,164.94,1
TX-837920,CUST-1332,2026-03-23,113.4,1
TX-975427,CUST-1495,2026-07-02,91.65,3
TX-670792,CUST-1379,2026-02-20,318.53,5
TX-785428,CUST-1291,2026-01-06,129.81,4
TX-785073,CUST-1193,2026-04-14,117.85,5
TX-363807,CUST-1459,2025-11-17,23.9,5
TX-525556,CUST-1192,2026-01-31,82.61,5
TX-931161,CUST-1180,2026-04-03,91.75,4
TX-626214,CUST-1246,2026-08-14,96.33,1
TX-273650,CUST-1451,2025-12-19,150.19,4
TX-774734,CUST-1117,2025-11-17,134.41,5
TX-295984,CUST-1143,2026-01-25,160.44,2
TX-852146,CUST-1080,2026-04-12,237.15,5
TX-534753,CUST-1418,2025-12-08,271.49,2
TX-604906,CUST-1415,2026-03-27,209.94,1
TX-320939,CUST-1345,2026-06-11,486.92,4
TX-123536,CUST-1302,2025-12-30,22.76,4
TX-701344,CUST-1124,2025-10-31,52.68,2
TX-760120,CUST-1303,2025-12-30,21.14,2
TX-253999,CUST-1262,2025-10-29,176.39,5
TX-288783,CUST-1028,2026-01-02,362.46,3
TX-690982,CUST-1264,2026-05-04,61.85,5
TX-189913,CUST-1326,2025-10-18,412.67,3
TX-594312,CUST-1110,2026-05-26,29.32,5
TX-330019,CUST-1444,2026-06-12,428.71,2
TX-249644,CUST-1425,2026-05-07,84.99,5
TX-753484,CUST-1406,2026-08-03,36.04,2
TX-275868,CUST-1337,2026-06-27,119.79,3
TX-575497,CUST-1370,2026-09-25,64.51,3
TX-340977,CUST-1305,2026-08-07,70.29,1
TX-213844,CUST-1193,2026-04-24,75.07,2
TX-628859,CUST-1008,2026-01-20,263.7,5
TX-734924,CUST-1350,2026-05-11,136.21,2
TX-744610,CUST-1049,2026-01-07,75.94,4
TX-627778,CUST-1307,2025-10-28,161.37,5
TX-605666,CUST-1385,2025-12-08,208.9,1
TX-665482,CUST-1337,2025-12-14,67.75,5
TX-647403,CUST-1423,2025-10-09,100.05,4
TX-831531,CUST-1215,2026-04-16,39.5,1
TX-941272,CUST-1271,2026-05-16,49.98,2
TX-717661,CUST-1246,2026-04-22,191.44,3
TX-202463,CUST-1411,2026-09-30,50.03,5
TX-600318,CUST-1217,2025-12-16,131.72,3
TX-397026,CUST-1392,2026-02-05,205.19,1
TX-370328,CUST-1306,2026-07-14,36.95,4
TX-706063,CUST-1096,2025-10-11,145.66,1
TX-107543,CUST-1267,2025-12-08,64.47,5
TX-821175,CUST-1192,2026-09-09,514.23,2
TX-479867,CUST-1411,2026-03-19,119.12,4
TX-783226,CUST-1054,2025-12-27,265.98,4
TX-996508,CUST-1299,2026-02-15,139.85,3
TX-483405,CUST-1274,2026-05-13,26.66,5
TX-891645,CUST-1313,2026-02-27,170.42,4
TX-921861,CUST-1104,2026-05-08,473.63,5
TX-488196,CUST-1285,2026-06-13,158.05,2
TX-366105,CUST-1286,2026-07-20,276.55,4
TX-911801,CUST-1157,2026-07-31,343.39,3
TX-996531,CUST-1361,2026-04-30,58.83,2
TX-884140,CUST-1442,2026-09-11,55.75,1
TX-205149,CUST-1117,2026-05-25,161.62,2
TX-924265,CUST-1109,2026-06-26,99.41,4
TX-830917,CUST-1173,2026-07-17,294.76,5
TX-268546,CUST-1350,2026-10-05,365.42,1
TX-943442,CUST-1199,2026-08-30,85.41,1
TX-729402,CUST-1046,2025-12-22,60.55,4
TX-375871,CUST-1222,2025-11-23,247.48,1
TX-738613,CUST-1113,2026-04-16,68.2,1
TX-743789,CUST-1019,2026-04-23,279.41,4
TX-846172,CUST-1335,2026-07-02,102.68,3
TX-911187,CUST-1493,2026-08-10,185.19,1
TX-560295,CUST-1419,2026-01-06,35.06,4
TX-399899,CUST-1005,2026-01-20,166.67,5
TX-635348,CUST-1099,2025-10-26,110.16,5
TX-745073,CUST-1264,2026-10-01,152.5,2
TX-477214,CUST-1086,2026-09-19,47.59,1
TX-265092,CUST-1122,2026-09-09,220.27,1
TX-470281,CUST-1044,2026-02-27,317.94,4
TX-714549,CUST-1342,2026-04-29,56.64,4
TX-872722,CUST-1102,2026-07-01,35.09,1
TX-676289,CUST-1360,2025-11-13,23.59,1
TX-465004,CUST-1145,2026-07-22,174.07,5
TX-735818,CUST-1177,2026-02-27,160.13,2
TX-523579,CUST-1493,2026-01-16,138.68,4
TX-283537,CUST-1294,2025-10-11,59.58,3
TX-685766,CUST-1208,2026-06-25,94.37,1
TX-456480,CUST-1037,2026-06-23,155.39,3
TX-370211,CUST-1484,2025-12-07,123.01,5
TX-362292,CUST-1448,2026-07-11,680.77,5
TX-690525,CUST-1355,2026-05-23,42.0,4
TX-913274,CUST-1247,2026-02-10,198.19,3
TX-715332,CUST-1234,2026-09-22,97.71,4
TX-221916,CUST-1441,2025-10-23,103.84,4
TX-764442,CUST-1132,2025-11-12,209.66,4
TX-939030,CUST-1403,2026-01-29,196.86,2
TX-641593,CUST-1161,2026-05-08,730.91,3
TX-360316,CUST-1274,2025-10-13,40.61,3
TX-806423,CUST-1147,2025-11-25,36.49,4
TX-681489,CUST-1383,2026-04-02,213.29,1
TX-429119,CUST-1476,2026-01-08,149.55,4
TX-382146,CUST-1181,2026-01-28,68.06,5
TX-623238,CUST-1093,2026-09-23,32.41,2
TX-871153,CUST-1377,2026-01-19,33.43,2
TX-340341,CUST-1123,2026-02-21,356.92,2
TX-473321,CUST-1103,2026-02-13,51.95,5
TX-182300,CUST-1079,2025-12-02,78.59,1
TX-743644,CUST-1346,2026-09-13,58.55,4
TX-989203,CUST-1003,2026-07-13,85.77,1
TX-430738,CUST-1246,2026-04-17,30.79,5
TX-614646,CUST-1252,2026-07-30,129.8,3
TX-517206,CUST-1093,2026-06-27,30.5,3
TX-156778,CUST-1113,2026-07-31,261.68,2
TX-667036,CUST-1269,2026-05-13,59.93,4
TX-512842,CUST-1016,2026-06-23,136.48,3
TX-579404,CUST-1440,2026-09-25,338.14,2
TX-582418,CUST-1499,2025-12-09,177.85,5
TX-112394,CUST-1161,2026-09-26,134.2,1
TX-709231,CUST-1345,2026-01-24,78.81,4
TX-742544,CUST-1051,2026-03-24,80.75,3
TX-675210,CUST-1441,2026-02-18,186.07,2
TX-594241,CUST-1134,2026-02-07,790.92,3
TX-483699,CUST-1490,2026-08-18,182.64,3
TX-320759,CUST-1094,2026-06-21,142.39,4
TX-482812,CUST-1214,2026-10-02,216.76,3
TX-572623,CUST-1437,2026-05-02,113.88,3
TX-703867,CUST-1092,2026-07-28,29.3,2
TX-855829,CUST-1351,2026-02-03,143.93,1
TX-553214,CUST-1138,2026-02-06,494.18,5
TX-252928,CUST-1438,2026-04-22,48.91,2
TX-944804,CUST-1409,2025-12-24,195.68,4
TX-623866,CUST-1004,2026-01-07,53.65,4
TX-659921,CUST-1068,2026-08-27,135.12,5
TX-414608,CUST-1368,2026-03-19,35.25,4
TX-150026,CUST-1128,2026-07-23,109.78,5
TX-162952,CUST-1203,2025-11-28,231.69,2
TX-979725,CUST-1110,2026-02-16,84.06,4
TX-880762,CUST-1322,2025-11-27,184.0,4
TX-477808,CUST-1171,2026-02-19,258.04,3
TX-460857,CUST-1286,2026-07-21,412.96,3
TX-468145,CUST-1010,2026-05-07,60.11,1
TX-308622,CUST-1444,2026-09-21,96.45,5
TX-283017,CUST-1295,2026-07-30,44.8,5
TX-440881,CUST-1399,2026-03-03,753.6,3
TX-912378,CUST-1344,2026-06-27,412.6,4
TX-499581,CUST-1377,2026-05-25,136.47,1
TX-762398,CUST-1314,2026-03-04,296.81,4
TX-771697,CUST-1489,2025-12-22,130.4,2
TX-761938,CUST-1413,2026-03-30,166.56,4
TX-990136,CUST-1313,2026-07-28,34.0,4
TX-269868,CUST-1464,2025-11-14,231.14,1
TX-432270,CUST-1175,2026-02-02,40.5,3
TX-734792,CUST-1334,2026-03-07,282.36,3
TX-566509,CUST-1330,2026-04-29,248.51,3
TX-646240,CUST-1399,2026-04-12,205.03,5
TX-275445,CUST-1494,2026-05-27,25.52,4
TX-863124,CUST-1094,2025-10-20,74.17,2
TX-880009,CUST-1120,2026-09-12,65.8,3
TX-275018,CUST-1358,2025-11-18,86.98,2
TX-166891,CUST-1203,2025-11-30,33.76,1
TX-156440,CUST-1479,2026-06-08,434.59,5
TX-902156,CUST-1013,2026-04-30,141.05,5
TX-748127,CUST-1042,2025-12-01,74.69,3
TX-424398,CUST-1079,2025-11-21,95.87,4
TX-564687,CUST-1117,2026-02-12,108.91,3
TX-652329,CUST-1320,2025-12-12,157.67,2
TX-136862,CUST-1429,2026-01-04,128.75,1
TX-599284,CUST-1339,2026-04-09,397.72,3
TX-675191,CUST-1239,2026-07-12,123.06,3
TX-285636,CUST-1227,2025-12-17,747.24,5
TX-761701,CUST-1302,2026-08-10,306.0,4
TX-556106,CUST-1383,2026-08-30,55.08,5
TX-424703,CUST-1268,2026-09-01,420.17,5
TX-665883,CUST-1465,2026-04-04,38.56,4
TX-422823,CUST-1116,2025-11-23,275.11,4
TX-263281,CUST-1187,2026-05-08,91.86,3
TX-648736,CUST-1155,2025-10-14,335.53,1
TX-400692,CUST-1417,2025-12-17,323.81,3
TX-821179,CUST-1240,2026-07-09,265.93,1
TX-414164,CUST-1472,2026-06-17,254.12,4
TX-726003,CUST-1004,2026-05-17,74.51,3
TX-491794,CUST-1118,2025-10-12,32.66,5
TX-558339,CUST-1096,2026-05-07,97.37,5
TX-849666,CUST-1202,2026-02-13,48.59,2
TX-968668,CUST-1377,2026-09-04,198.09,4
TX-183057,CUST-1193,2026-01-29,83.72,3
TX-641704,CUST-1216,2026-08-25,577.04,2
TX-398505,CUST-1391,2026-08-18,173.65,3
TX-532961,CUST-1332,2026-07-08,279.3,3
TX-243260,CUST-1096,2025-11-13,41.33,2
TX-747736,CUST-1148,2025-12-04,317.09,4
TX-615895,CUST-1231,2026-02-25,404.12,5
TX-259540,CUST-1096,2026-03-22,120.14,1
TX-294969,CUST-1025,2026-07-09,159.81,1
TX-382271,CUST-1497,2025-11-30,237.1,3
TX-344119,CUST-1064,2026-05-21,48.83,1
TX-617555,CUST-1046,2025-12-25,124.74,1
TX-426711,CUST-1111,2026-04-02,96.29,4
TX-586208,CUST-1402,2026-06-21,43.74,3
TX-184120,CUST-1356,2025-10-25,88.72,3
TX-379449,CUST-1431,2025-12-22,30.59,1
TX-669578,CUST-1397,2026-04-27,23.92,1
TX-982417,CUST-1240,2026-01-09,41.78,2
TX-227885,CUST-1128,2026-04-22,514.99,1
TX-503489,CUST-1498,2026-10-09,139.62,2
TX-873449,CUST-1394,2026-05-23,526.43,2
TX-871041,CUST-1017,2026-01-18,104.98,4
TX-798359,CUST-1394,2025-11-26,76.05,5
TX-814544,CUST-1106,2026-06-08,125.83,4
TX-266316,CUST-1492,2026-03-17,106.84,3
TX-646230,CUST-1322,2025-10-30,36.75,5
TX-769536,CUST-1062,2026-02-15,173.59,4
TX-154617,CUST-1152,2026-01-18,56.51,3
TX-218414,CUST-1442,2026-09-15,164.98,2
TX-440277,CUST-1120,2026-08-29,177.56,4
TX-713099,CUST-1007,2026-01-02,44.74,3
TX-109363,CUST-1061,2026-04-29,29.5,2
TX-921533,CUST-1496,2025-10-30,247.64,5
TX-262520,CUST-1353,2026-06-09,112.37,5
TX-265358,CUST-1190,2025-11-23,28.99,2
TX-454861,CUST-1255,2025-11-24,810.79,5
TX-162678,CUST-1476,2026-08-25,28.93,1
TX-835395,CUST-1182,2026-09-04,198.13,2
TX-611540,CUST-1274,2025-12-02,637.29,2
TX-926867,CUST-1119,2026-03-20,61.0,5
TX-868804,CUST-1330,2026-04-04,43.02,4
TX-475565,CUST-1098,2025-10-19,39.41,4
TX-141406,CUST-1370,2025-12-16,74.2,3
TX-686179,CUST-1248,2026-10-05,35.98,4
TX-298994,CUST-1150,2026-07-13,196.73,4
TX-464552,CUST-1290,2026-01-12,29.65,5
TX-971733,CUST-1165,2026-06-05,126.83,3
TX-172222,CUST-1306,2026-07-19,876.93,2
TX-410035,CUST-1271,2025-12-27,272.28,4
TX-484945,CUST-1419,2026-02-20,163.26,5
TX-497455,CUST-1232,2025-10-09,74.85,5
TX-749838,CUST-1375,2026-01-11,166.68,1
TX-350385,CUST-1438,2026-04-13,132.31,5
TX-958835,CUST-1164,2025-11-10,103.29,5
TX-816412,CUST-1198,2026-01-14,41.01,5
TX-742818,CUST-1254,2026-07-18,346.53,2
TX-772036,CUST-1144,2026-03-23,109.62,4
TX-648615,CUST-1164,2025-12-04,52.47,1
TX-975763,CUST-1337,2025-11-12,88.77,1
TX-132792,CUST-1480,2025-12-14,100.2,2
TX-300924,CUST-1103,2025-12-02,283.64,4
TX-772925,CUST-1050,2025-10-25,218.42,5
TX-651363,CUST-1428,2026-04-25,240.0,4
TX-368371,CUST-1319,2026-10-03,21.66,5
TX-735388,CUST-1025,2026-04-14,100.72,2
TX-318877,CUST-1367,2025-11-14,118.48,1
TX-590795,CUST-1335,2026-06-17,22.91,1
TX-478458,CUST-1410,2026-09-01,65.13,1
TX-932831,CUST-1285,2026-05-09,234.25,3
TX-378727,CUST-1362,2025-11-07,42.12,5
TX-974991,CUST-1270,2025-10-29,134.96,1
TX-644719,CUST-1155,2025-11-17,56.35,2
TX-657487,CUST-1049,2025-11-29,21.83,2
TX-651752,CUST-1197,2026-01-14,61.4,2
TX-755700,CUST-1336,2026-02-13,578.67,5
TX-885587,CUST-1485,2026-01-08,262.57,5
TX-903506,CUST-1285,2026-05-09,501.25,1
TX-807256,CUST-1326,2026-07-31,120.37,3
TX-209159,CUST-1234,2026-10-03,37.44,4
TX-521063,CUST-1085,2026-01-09,139.1,5
TX-659835,CUST-1258,2026-03-30,110.87,2
TX-430463,CUST-1307,2026-05-23,299.03,3
TX-532373,CUST-1281,2026-03-24,35.48,3
TX-966286,CUST-1391,2026-08-29,120.49,4
TX-352415,CUST-1371,2026-03-23,44.39,5
TX-493282,CUST-1288,2026-07-15,78.88,2
TX-477496,CUST-1392,2026-07-17,220.54,3
TX-516379,CUST-1492,2026-05-28,116.94,4
TX-724702,CUST-1000,2025-10-26,90.71,3
TX-416503,CUST-1008,2026-07-01,95.25,2
TX-325258,CUST-1003,2026-03-11,112.27,2
TX-909000,CUST-1438,2026-03-19,250.58,1
TX-680557,CUST-1420,2026-09-27,353.96,3
TX-699378,CUST-1261,2026-07-20,486.28,5
TX-582732,CUST-1079,2025-11-26,251.9,1
TX-377860,CUST-1182,2025-12-27,76.84,2
TX-344312,CUST-1187,2026-08-03,194.78,2
TX-698199,CUST-1131,2026-03-11,106.33,1
TX-869933,CUST-1204,2026-07-27,64.09,2
TX-281301,CUST-1039,2026-03-24,295.71,4
TX-959324,CUST-1249,2026-09-27,25.88,5
TX-773452,CUST-1464,2025-11-26,368.05,5
TX-500080,CUST-1153,2025-10-28,112.84,5
TX-464831,CUST-1040,2025-11-06,172.09,3
TX-226395,CUST-1450,2026-05-19,181.54,4
TX-111989,CUST-1445,2026-02-02,358.24,5
TX-156757,CUST-1324,2026-08-28,171.87,4
TX-434827,CUST-1156,2026-07-04,162.76,1
TX-442707,CUST-1276,2026-07-25,30.35,2
TX-260639,CUST-1257,2026-10-01,129.6,2
TX-567262,CUST-1025,2026-09-18,44.41,4
TX-629247,CUST-1385,2026-08-09,220.59,5
TX-403859,CUST-1046,2026-01-30,127.68,4
TX-238610,CUST-1402,2026-04-28,191.02,2
TX-699198,CUST-1172,2025-11-20,26.38,4
TX-518582,CUST-1381,2025-11-03,33.29,5
TX-626199,CUST-1134,2025-11-21,208.99,4
TX-899049,CUST-1222,2026-10-01,31.22,2
TX-307731,CUST-1069,2026-06-12,31.09,5
TX-305625,CUST-1249,2026-04-29,21.83,5
TX-358207,CUST-1287,2026-08-20,490.25,5
TX-914504,CUST-1124,2025-11-14,220.63,3
TX-193946,CUST-1220,2026-03-23,85.37,5
TX-544114,CUST-1057,2026-09-17,72.76,4
TX-436318,CUST-1187,2026-04-05,84.55,2
TX-907069,CUST-1176,2026-08-09,243.52,1
TX-746154,CUST-1156,2026-01-03,182.43,3
TX-252901,CUST-1420,2026-05-23,50.72,5
TX-309385,CUST-1225,2025-10-31,48.69,2
TX-894541,CUST-1350,2026-04-18,35.54,2
TX-875507,CUST-1372,2025-11-21,181.96,1
TX-254850,CUST-1027,2026-02-10,236.83,5
TX-459946,CUST-1444,2026-03-05,66.19,1
TX-571923,CUST-1355,2025-12-04,23.18,3
TX-319162,CUST-1241,2025-10-20,32.86,3
TX-313701,CUST-1378,2026-07-11,535.65,2
TX-675458,CUST-1279,2026-07-03,72.53,3
TX-828834,CUST-1247,2026-08-23,239.95,2
TX-494900,CUST-1357,2026-09-16,166.99,1
TX-145594,CUST-1298,2026-09-13,92.18,5
TX-397809,CUST-1130,2026-01-04,54.54,1
TX-384459,CUST-1102,2026-09-30,39.41,5
TX-169832,CUST-1027,2026-06-04,163.18,1
TX-795186,CUST-1198,2026-09-12,243.5,3
TX-213132,CUST-1436,2026-09-11,174.88,3
TX-342397,CUST-1009,2026-03-07,133.35,4
TX-430779,CUST-1194,2026-06-26,26.43,1
TX-192296,CUST-1248,2026-08-10,538.61,5
TX-580233,CUST-1095,2026-01-18,260.45,5
TX-141683,CUST-1287,2026-10-08,71.97,1
TX-449773,CUST-1126,2026-07-07,606.58,3
TX-119264,CUST-1250,2026-04-28,158.15,2
TX-472640,CUST-1177,2026-09-24,150.99,3
TX-625600,CUST-1320,2026-03-12,226.79,2
TX-505977,CUST-1141,2025-11-09,270.51,3
TX-393804,CUST-1455,2025-10-24,180.28,5
TX-511929,CUST-1115,2025-12-25,40.56,3
TX-865344,CUST-1336,2025-12-18,81.93,1
TX-755910,CUST-1195,2026-07-02,414.84,5
TX-352036,CUST-1351,2026-02-02,58.16,4
TX-427557,CUST-1293,2025-12-26,89.82,4
TX-570988,CUST-1465,2026-08-14,104.87,3
TX-784167,CUST-1277,2025-12-15,106.81,2
TX-817276,CUST-1070,2026-08-02,162.38,5
TX-424008,CUST-1409,2026-01-20,449.91,2
TX-241822,CUST-1352,2026-10-05,61.3,5
TX-265725,CUST-1220,2025-12-22,39.43,5
TX-658850,CUST-1162,2025-11-12,53.0,5
TX-433025,CUST-1485,2025-12-08,346.96,2
TX-902616,CUST-1429,2025-12-22,175.69,1
TX-418083,CUST-1163,2026-05-08,70.51,4
TX-259338,CUST-1226,2026-08-31,273.88,3
TX-237935,CUST-1398,2026-01-13,316.39,1
TX-746915,CUST-1094,2025-10-22,301.12,5
TX-742108,CUST-1136,2026-08-15,396.86,5
TX-342129,CUST-1118,2026-08-10,63.6,2
TX-183336,CUST-1351,2025-10-22,231.0,3
TX-626725,CUST-1352,2026-06-10,112.58,2
TX-846606,CUST-1433,2026-08-14,296.77,4
TX-993522,CUST-1332,2026-04-18,215.56,2
TX-244192,CUST-1198,2026-06-17,244.72,4
TX-133795,CUST-1083,2026-01-15,180.14,2
TX-533108,CUST-1209,2025-10-16,49.3,3
TX-894586,CUST-1113,2026-09-17,138.13,2
TX-560623,CUST-1104,2025-11-11,646.69,2
TX-821276,CUST-1443,2026-08-20,435.62,4
TX-548324,CUST-1166,2026-05-31,26.62,2
TX-871051,CUST-1207,2025-10-30,47.02,5
TX-513296,CUST-1422,2026-04-21,41.19,3
TX-662203,CUST-1313,2026-07-28,214.18,5
TX-645940,CUST-1268,2026-09-02,275.39,1
TX-967182,CUST-1055,2026-05-28,56.03,4
TX-643899,CUST-1449,2025-10-30,125.74,2
TX-684791,CUST-1275,2026-04-29,295.55,1
TX-299072,CUST-1198,2026-06-30,217.96,1
TX-419348,CUST-1149,2026-05-22,137.21,4
TX-274573,CUST-1396,2026-03-04,153.87,4
TX-157196,CUST-1216,2026-03-08,126.5,5
TX-586097,CUST-1353,2026-06-30,72.98,2
TX-194834,CUST-1424,2026-09-04,144.87,4
TX-288503,CUST-1369,2026-06-22,195.14,1
TX-241879,CUST-1398,2026-08-04,329.92,5
TX-572788,CUST-1201,2026-05-08,171.71,3
TX-718990,CUST-1012,2026-01-08,234.77,4
TX-576769,CUST-1459,2026-10-08,46.17,2
TX-825318,CUST-1046,2026-02-14,112.86,3
TX-853270,CUST-1332,2026-10-08,21.41,2
TX-219710,CUST-1375,2025-12-11,62.49,1
TX-189450,CUST-1361,2026-05-27,214.45,3
TX-862182,CUST-1268,2026-10-06,740.73,4
TX-267666,CUST-1405,2026-06-27,35.67,5
TX-146038,CUST-1193,2026-07-17,97.0,4
TX-692960,CUST-1393,2026-01-04,261.47,3
TX-269999,CUST-1446,2026-09-11,54.23,2
TX-906519,CUST-1444,2025-12-22,141.48,2
TX-423026,CUST-1364,2025-11-04,218.12,4
TX-756883,CUST-1158,2026-05-25,163.56,3
TX-312705,CUST-1092,2025-12-08,51.24,2
TX-112800,CUST-1001,2026-08-23,85.87,3
TX-669902,CUST-1234,2026-06-20,249.73,4
TX-617437,CUST-1413,2025-10-11,141.19,5
TX-791505,CUST-1121,2026-01-28,20.79,5
TX-563339,CUST-1243,2026-05-29,234.69,4
TX-106892,CUST-1040,2026-08-12,25.39,5
TX-749871,CUST-1125,2026-07-16,225.41,3
TX-151295,CUST-1321,2026-07-21,53.94,2
TX-785010,CUST-1094,2025-12-23,495.78,1
TX-995304,CUST-1178,2025-10-27,88.82,2
TX-978721,CUST-1016,2026-09-15,79.39,5
TX-191962,CUST-1308,2026-03-10,44.18,3
TX-286906,CUST-1025,2025-12-03,74.71,4
TX-740774,CUST-1082,2026-09-18,333.91,3
TX-700081,CUST-1338,2026-09-28,861.31,5
TX-577456,CUST-1403,2026-07-23,88.9,2
TX-137581,CUST-1383,2026-08-01,109.3,3
TX-486473,CUST-1047,2026-03-11,212.06,3
TX-895284,CUST-1459,2026-04-21,345.99,1
TX-407057,CUST-1218,2026-07-17,154.86,1
TX-828361,CUST-1241,2025-12-16,94.52,1
TX-652654,CUST-1440,2026-02-26,99.81,3
TX-829630,CUST-1211,2026-07-04,198.42,2
TX-214611,CUST-1107,2026-08-18,20.48,1
TX-191928,CUST-1292,2026-08-27,164.98,5
TX-926471,CUST-1247,2026-09-26,85.89,5
TX-738419,CUST-1361,2026-03-05,257.13,4
TX-650912,CUST-1434,2026-03-20,34.64,3
TX-236014,CUST-1294,2026-08-24,153.08,3
TX-644951,CUST-1314,2026-07-24,118.37,4
TX-616428,CUST-1373,2026-08-28,174.22,4
TX-344026,CUST-1413,2026-01-09,30.06,5
TX-101657,CUST-1362,2026-03-06,150.12,2
TX-755843,CUST-1060,2025-10-21,143.65,4
TX-938403,CUST-1407,2025-12-08,143.37,2
TX-147702,CUST-1315,2026-05-09,158.76,4
TX-945197,CUST-1170,2026-04-06,189.27,5
TX-771736,CUST-1326,2026-01-25,265.2,1
TX-366776,CUST-1103,2026-09-27,67.17,3
TX-414870,CUST-1404,2025-11-12,281.49,3
TX-904291,CUST-1259,2026-07-17,123.45,3
TX-457943,CUST-1003,2025-12-06,32.03,3
TX-130531,CUST-1202,2026-07-27,29.05,5
TX-446569,CUST-1426,2026-01-06,81.02,2
TX-597549,CUST-1426,2026-03-31,250.5,4
TX-604884,CUST-1408,2025-10-27,204.49,2
TX-663051,CUST-1079,2026-08-26,253.11,4
TX-922072,CUST-1458,2026-03-29,129.24,4
TX-975671,CUST-1416,2026-05-08,107.03,1
TX-860180,CUST-1266,2026-03-11,43.93,5
TX-661916,CUST-1347,2026-03-19,79.67,5
TX-818791,CUST-1009,2026-01-23,105.38,5
TX-256557,CUST-1169,2026-04-08,33.92,1
TX-493468,CUST-1143,2025-10-24,57.39,3
TX-698717,CUST-1320,2026-07-09,156.78,2
TX-724103,CUST-1310,2026-04-26,219.58,2
TX-844321,CUST-1059,2026-03-15,980.82,3
TX-191014,CUST-1016,2026-02-25,425.71,4
TX-573858,CUST-1254,2026-02-07,174.32,3
TX-650607,CUST-1424,2026-03-12,102.03,2
TX-492393,CUST-1154,2026-01-06,171.66,1
TX-197102,CUST-1401,2025-10-28,251.02,2
TX-937838,CUST-1227,2026-06-25,38.89,1
TX-299451,CUST-1247,2026-06-22,99.12,2
TX-425434,CUST-1174,2026-06-13,294.7,5
TX-906859,CUST-1397,2026-03-25,92.64,2
TX-809589,CUST-1446,2025-11-28,147.25,5
TX-581682,CUST-1067,2026-01-22,152.93,1
TX-221462,CUST-1198,2026-10-09,50.59,5
TX-820426,CUST-1002,2026-03-17,87.47,1
TX-449479,CUST-1434,2026-08-09,81.09,1
TX-645865,CUST-1239,2025-11-01,23.98,1
TX-123572,CUST-1392,2026-09-11,23.67,3
TX-436467,CUST-1295,2026-03-17,287.3,2
TX-390088,CUST-1102,2026-01-15,67.84,3
TX-803724,CUST-1272,2026-03-21,129.5,4
TX-265146,CUST-1060,2026-02-25,73.23,2
TX-753205,CUST-1140,2025-12-06,443.72,1
TX-316612,CUST-1286,2026-06-29,65.02,1
TX-433955,CUST-1277,2026-04-06,104.23,5
TX-701969,CUST-1138,2025-12-20,329.22,3
TX-426503,CUST-1125,2026-01-04,296.71,1
TX-565198,CUST-1313,2026-03-31,50.89,5
TX-593602,CUST-1025,2025-12-14,263.41,1
TX-211072,CUST-1462,2026-09-19,111.93,1
TX-547181,CUST-1196,2025-11-05,118.95,1
TX-721549,CUST-1200,2026-01-08,41.49,5
TX-746253,CUST-1322,2026-09-27,32.61,4
TX-957150,CUST-1182,2026-03-17,215.26,3
TX-182361,CUST-1101,2026-10-09,122.91,5
TX-238197,CUST-1498,2026-06-04,106.13,5
TX-201987,CUST-1047,2026-10-01,216.13,4
TX-593403,CUST-1233,2026-03-16,237.55,4
TX-746910,CUST-1118,2026-01-31,45.96,2
TX-292259,CUST-1132,2026-04-13,161.33,4
TX-927094,CUST-1358,2026-09-14,41.82,3
TX-611187,CUST-1440,2026-03-24,228.77,4
TX-218370,CUST-1015,2025-11-11,180.48,4
TX-986850,CUST-1179,2026-06-11,490.64,4
TX-733801,CUST-1087,2026-03-02,30.72,3
TX-207932,CUST-1294,2025-12-13,28.81,5
TX-441699,CUST-1207,2026-10-09,69.73,1
TX-930924,CUST-1284,2026-09-06,65.51,1
TX-520286,CUST-1154,2026-07-08,62.55,4
TX-751034,CUST-1302,2026-05-08,375.08,2
TX-605806,CUST-1124,2026-07-16,63.06,2
TX-318353,CUST-1196,2025-11-11,67.61,3
TX-552091,CUST-1416,2026-09-29,233.69,5
TX-925571,CUST-1401,2026-05-19,109.6,5
TX-281493,CUST-1175,2026-07-14,244.89,2
TX-875282,CUST-1339,2026-09-16,30.14,1
TX-977394,CUST-1476,2026-10-08,120.29,5
TX-725030,CUST-1249,2025-12-06,25.13,5
TX-202397,CUST-1237,2026-03-24,29.71,5
TX-422998,CUST-1420,2026-05-24,375.37,2
TX-727320,CUST-1489,2026-05-04,42.49,1
TX-908812,CUST-1055,2026-09-24,134.03,5
TX-618306,CUST-1419,2026-04-21,99.42,3
TX-194930,CUST-1330,2026-09-12,84.01,1
TX-891662,CUST-1111,2025-12-19,365.14,5
TX-792984,CUST-1325,2025-10-09,23.31,2
TX-405663,CUST-1076,2026-05-28,183.5,5
TX-568881,CUST-1199,2026-08-20,516.13,5
TX-414295,CUST-1100,2026-01-22,143.2,3
TX-555844,CUST-1291,2026-09-21,434.27,3
TX-711033,CUST-1367,2026-04-03,28.05,1
TX-523831,CUST-1004,2026-08-18,101.4,5
TX-165442,CUST-1433,2025-12-13,65.2,3
TX-100884,CUST-1189,2026-07-17,216.86,1
TX-215027,CUST-1360,2026-07-22,616.86,3
TX-346668,CUST-1440,2026-03-02,64.46,1
TX-513420,CUST-1221,2026-10-03,179.27,5
TX-525756,CUST-1320,2026-03-20,53.12,4
TX-321476,CUST-1195,2026-05-19,144.98,5
TX-245824,CUST-1339,2026-01-05,113.52,4
TX-984293,CUST-1096,2026-07-20,556.36,4
TX-261760,CUST-1473,2026-04-11,160.68,4
TX-240800,CUST-1147,2026-09-17,84.5,2
TX-250990,CUST-1005,2025-11-14,38.17,1
TX-242371,CUST-1369,2026-06-15,44.6,4
TX-578180,CUST-1043,2025-12-18,58.3,4
TX-546383,CUST-1457,2026-09-30,63.35,5
TX-634160,CUST-1319,2026-01-09,305.19,4
TX-503402,CUST-1217,2026-07-18,143.56,4
TX-545405,CUST-1181,2026-02-01,131.16,2
TX-622355,CUST-1309,2025-10-12,38.29,5
TX-382329,CUST-1433,2026-02-07,315.07,5
TX-484795,CUST-1210,2026-07-15,212.46,5
TX-606743,CUST-1017,2025-10-28,30.51,5
TX-708455,CUST-1360,2026-04-15,204.57,1
TX-248989,CUST-1246,2026-09-27,137.64,1
TX-587521,CUST-1373,2026-07-05,32.79,3
TX-739705,CUST-1264,2025-11-18,111.96,5
TX-761297,CUST-1045,2026-02-11,119.45,4
TX-817303,CUST-1379,2026-09-13,47.19,1
TX-427679,CUST-1324,2026-07-12,456.98,5
TX-661023,CUST-1313,2025-11-05,304.54,3
TX-576089,CUST-1398,2025-10-14,185.86,4
TX-869460,CUST-1262,2026-06-06,113.07,5
TX-936997,CUST-1169,2026-05-12,99.59,3
TX-137042,CUST-1150,2026-03-06,177.89,2
TX-862285,CUST-1355,2026-08-10,138.26,3
TX-164401,CUST-1401,2026-07-24,29.64,3
TX-277292,CUST-1322,2026-06-08,127.77,5
TX-948188,CUST-1293,2025-11-04,266.3,3
TX-400748,CUST-1377,2026-08-24,112.22,1
TX-630155,CUST-1248,2025-11-20,28.0,2
TX-238976,CUST-1039,2026-02-28,251.46,3
TX-999529,CUST-1315,2026-03-01,53.73,3
TX-733152,CUST-1131,2025-10-16,64.89,1
TX-791174,CUST-1089,2026-08-07,47.0,2
TX-373943,CUST-1228,2026-04-16,80.12,2
TX-608473,CUST-1400,2026-10-02,232.05,2
TX-459502,CUST-1092,2026-07-06,129.9,1
TX-961639,CUST-1043,2025-12-22,54.39,5
TX-907789,CUST-1078,2026-06-19,335.35,4
TX-861265,CUST-1196,2026-02-07,337.52,4
TX-705822,CUST-1326,2026-01-02,326.7,2
TX-773459,CUST-1375,2026-04-03,60.93,1
TX-275741,CUST-1135,2025-12-07,110.01,1
TX-416006,CUST-1237,2026-05-01,649.85,4
TX-498249,CUST-1243,2026-07-08,241.77,2
TX-597643,CUST-1349,2026-10-05,24.13,4
TX-555851,CUST-1134,2025-12-22,30.11,5
TX-500560,CUST-1006,2026-03-05,113.52,4
TX-816047,CUST-1347,2026-03-19,379.9,5
TX-657101,CUST-1489,2025-10-30,136.06,1
TX-740140,CUST-1326,2026-04-08,123.32,4
TX-451238,CUST-1470,2026-09-07,36.72,3
TX-367747,CUST-1138,2026-02-22,180.41,1
TX-583507,CUST-1335,2026-08-04,278.98,4
TX-869983,CUST-1395,2026-09-19,91.81,2
TX-645209,CUST-1344,2026-08-06,244.16,2
TX-428487,CUST-1172,2026-09-20,520.63,2
TX-972089,CUST-1280,2025-10-14,54.18,1
TX-202444,CUST-1034,2025-10-15,131.14,4
TX-468591,CUST-1268,2025-12-01,70.77,4
TX-302458,CUST-1112,2026-03-03,256.15,3
TX-196407,CUST-1017,2025-10-21,149.27,5
TX-728500,CUST-1029,2026-08-09,171.01,2
TX-190582,CUST-1326,2025-12-10,259.86,1
TX-494220,CUST-1438,2026-08-14,95.62,2
TX-942216,CUST-1336,2026-09-05,389.92,5
TX-829445,CUST-1495,2026-01-11,134.22,1
TX-589638,CUST-1094,2026-02-15,45.79,3
TX-389809,CUST-1338,2025-11-16,198.56,4
TX-369836,CUST-1393,2026-05-15,256.44,3
TX-914854,CUST-1082,2025-11-15,77.14,3
TX-448813,CUST-1031,2026-04-22,311.92,4
TX-286572,CUST-1030,2026-02-18,374.9,3
TX-310416,CUST-1225,2025-11-13,68.63,4
TX-776838,CUST-1312,2026-04-28,635.85,2
TX-666893,CUST-1251,2025-12-03,42.75,2
TX-743790,CUST-1393,2026-05-17,53.85,2
TX-850151,CUST-1329,2025-12-02,50.54,4
TX-176461,CUST-1132,2025-11-30,356.63,1
TX-914992,CUST-1036,2026-07-28,179.32,3
TX-256085,CUST-1228,2025-10-18,44.75,4
TX-139673,CUST-1334,2026-09-01,107.06,1
TX-258971,CUST-1340,2026-04-26,163.29,3
TX-702553,CUST-1358,2026-03-26,33.07,4
TX-601365,CUST-1001,2026-06-29,341.09,4
TX-666366,CUST-1223,2026-05-03,264.14,1
TX-822742,CUST-1115,2025-10-10,125.54,4
TX-694798,CUST-1418,2026-06-12,532.26,1
TX-814956,CUST-1274,2026-04-10,101.13,3
TX-762985,CUST-1155,2026-05-02,641.31,1
TX-483102,CUST-1490,2026-09-05,185.36,1
TX-982042,CUST-1273,2026-04-01,171.04,1
TX-285197,CUST-1235,2026-03-06,47.22,2
TX-792829,CUST-1283,2025-10-29,340.47,4
TX-211954,CUST-1097,2026-03-11,103.66,4
TX-610135,CUST-1322,2026-09-26,46.55,3
TX-871043,CUST-1043,2026-08-28,21.9,4
TX-302472,CUST-1097,2025-12-19,143.06,1
TX-612997,CUST-1012,2026-08-08,132.43,2
TX-774661,CUST-1199,2025-11-10,210.6,5
TX-974774,CUST-1157,2026-06-21,351.44,5
TX-138842,CUST-1415,2026-05-27,32.41,1
TX-926045,CUST-1173,2025-11-06,217.23,3
TX-223928,CUST-1369,2025-10-30,51.13,4
TX-580636,CUST-1108,2026-09-08,312.98,5
TX-256189,CUST-1481,2026-09-21,276.44,5
TX-175532,CUST-1379,2026-08-01,136.74,2
TX-785592,CUST-1018,2025-12-20,205.81,4
TX-148026,CUST-1009,2026-06-07,76.61,5
TX-115063,CUST-1124,2026-10-03,115.56,2
TX-422266,CUST-1088,2026-08-28,278.59,1
TX-740916,CUST-1420,2025-11-27,112.22,4
TX-957525,CUST-1087,2026-08-07,86.43,1
TX-621292,CUST-1418,2025-12-02,122.25,1
TX-166175,CUST-1304,2026-08-20,284.26,2
TX-453729,CUST-1411,2026-01-20,81.24,4
TX-439984,CUST-1415,2026-09-21,48.63,4
TX-672401,CUST-1061,2026-09-24,206.73,5
TX-901351,CUST-1070,2026-03-22,282.29,2
TX-451801,CUST-1023,2026-08-08,35.91,2
TX-248097,CUST-1032,2025-12-09,61.14,3
TX-830119,CUST-1387,2026-05-09,42.97,2
TX-559969,CUST-1189,2026-07-19,84.14,2
TX-239849,CUST-1124,2026-08-02,109.77,1
TX-494401,CUST-1051,2026-08-28,227.24,5
TX-610622,CUST-1398,2025-12-28,177.97,1
TX-288128,CUST-1041,2025-10-12,165.5,1
TX-397514,CUST-1474,2025-11-23,85.17,5
TX-825990,CUST-1213,2026-09-29,296.25,4
TX-770905,CUST-1064,2026-01-22,115.6,2
TX-532046,CUST-1138,2026-07-03,600.24,4
TX-825272,CUST-1122,2026-01-06,170.83,5
TX-852037,CUST-1019,2026-08-10,40.25,2
TX-757658,CUST-1255,2026-08-18,189.13,1
TX-539128,CUST-1423,2026-03-12,78.98,3
TX-301224,CUST-1002,2026-07-21,193.91,2
TX-748985,CUST-1060,2026-07-07,30.83,1
TX-329927,CUST-1185,2026-07-12,48.83,5
TX-389854,CUST-1237,2026-08-25,310.42,2
TX-935309,CUST-1027,2026-01-16,58.66,1
TX-621682,CUST-1076,2026-09-24,292.14,4
TX-156652,CUST-1090,2025-12-29,69.12,1
TX-319770,CUST-1330,2026-04-13,174.45,3
TX-746781,CUST-1222,2026-02-14,197.7,3
TX-209493,CUST-1412,2026-05-29,127.82,1
TX-284431,CUST-1379,2025-11-04,74.64,5
TX-639915,CUST-1080,2025-10-23,55.86,4
TX-856445,CUST-1059,2025-11-14,25.06,2
TX-441806,CUST-1227,2026-08-08,74.35,5
TX-341238,CUST-1214,2026-01-18,178.83,3
TX-338846,CUST-1398,2025-12-04,437.83,3
TX-309668,CUST-1050,2026-02-07,327.43,4
TX-593869,CUST-1192,2026-01-29,237.91,1
TX-557037,CUST-1299,2026-06-14,252.99,1
TX-577092,CUST-1074,2026-01-27,184.04,5
TX-243030,CUST-1091,2026-04-25,65.22,3
TX-382795,CUST-1234,2026-01-16,376.59,3
TX-133653,CUST-1103,2026-03-29,186.63,2
TX-394234,CUST-1354,2026-07-27,143.3,1
TX-580854,CUST-1069,2025-12-04,37.65,4
TX-330533,CUST-1214,2026-01-04,108.87,3
TX-264404,CUST-1453,2026-03-09,112.53,5
TX-278190,CUST-1404,2026-08-31,319.89,5
TX-190674,CUST-1295,2026-07-19,138.66,2
TX-326956,CUST-1210,2026-07-03,91.8,4
TX-392731,CUST-1302,2026-06-08,584.54,4
TX-359870,CUST-1007,2026-05-16,37.6,2
TX-333210,CUST-1167,2026-05-19,102.37,5
TX-701568,CUST-1456,2026-08-07,26.44,2
TX-146372,CUST-1459,2025-10-11,222.01,4
TX-135253,CUST-1020,2026-06-06,395.3,5
TX-602550,CUST-1217,2026-07-07,69.28,4
TX-574419,CUST-1414,2026-09-30,313.15,1
TX-685616,CUST-1253,2026-02-09,71.84,1
TX-328596,CUST-1385,2025-10-15,382.48,4
TX-350675,CUST-1067,2026-04-10,230.34,3
TX-603088,CUST-1331,2025-11-24,265.14,1
TX-837468,CUST-1342,2026-03-14,22.73,2
TX-125599,CUST-1235,2026-07-28,513.76,5
TX-909327,CUST-1499,2026-05-29,214.56,4
TX-293929,CUST-1070,2026-10-04,74.52,4
TX-838094,CUST-1404,2026-04-16,285.26,4
TX-503575,CUST-1324,2025-10-09,69.59,1
TX-656710,CUST-1457,2026-09-27,329.24,3
TX-889460,CUST-1016,2026-03-09,37.92,4
TX-668784,CUST-1138,2026-10-01,202.45,5
TX-750594,CUST-1294,2026-01-23,136.71,1
TX-639740,CUST-1450,2026-03-29,35.23,1
TX-154067,CUST-1484,2026-09-19,61.54,3
TX-587957,CUST-1056,2026-04-23,21.87,3
TX-484232,CUST-1316,2025-10-29,114.88,3
TX-839113,CUST-1089,2026-09-05,73.77,5
TX-245129,CUST-1034,2026-07-23,156.83,2
TX-219073,CUST-1171,2026-02-08,72.91,5
TX-836984,CUST-1332,2026-06-10,73.48,5
TX-469844,CUST-1107,2026-02-01,223.91,3
TX-813269,CUST-1459,2026-02-22,27.4,5
TX-166447,CUST-1216,2026-02-27,369.79,1
TX-609845,CUST-1190,2026-04-03,306.85,4
TX-593002,CUST-1256,2026-07-05,185.3,1
TX-406461,CUST-1363,2026-07-08,154.92,5
TX-938759,CUST-1231,2026-08-22,354.26,3
TX-297503,CUST-1344,2026-09-28,50.75,1
TX-184064,CUST-1456,2026-05-31,32.34,1
TX-180685,CUST-1200,2026-01-08,61.07,3
TX-217466,CUST-1055,2026-01-01,257.4,3
TX-257808,CUST-1356,2025-12-23,25.29,4
TX-757746,CUST-1447,2026-01-21,151.13,5
TX-815551,CUST-1011,2026-03-08,828.48,4
TX-463541,CUST-1277,2025-12-15,310.38,4
TX-405677,CUST-1215,2026-05-24,130.55,1
TX-940946,CUST-1096,2025-11-10,29.86,1
TX-531690,CUST-1118,2026-07-02,287.01,3
TX-609763,CUST-1296,2026-04-02,157.06,3
TX-982804,CUST-1303,2026-09-14,38.31,5
TX-418853,CUST-1280,2026-05-24,34.78,4
TX-280079,CUST-1290,2025-12-15,380.57,3
TX-607765,CUST-1404,2026-02-19,185.94,2
TX-255544,CUST-1190,2026-03-05,285.17,1
TX-274444,CUST-1180,2026-03-03,336.77,4
TX-399102,CUST-1316,2025-12-30,147.22,5
TX-269087,CUST-1093,2026-01-06,129.3,2
TX-432006,CUST-1121,2025-12-07,104.43,1
TX-373056,CUST-1294,2025-12-12,77.18,4
TX-689810,CUST-1189,2026-01-11,105.53,2
TX-460549,CUST-1362,2025-10-26,243.0,3
TX-666091,CUST-1075,2026-04-17,158.17,4
TX-416208,CUST-1499,2025-12-31,354.57,5
TX-623676,CUST-1062,2025-10-21,107.88,4
TX-435772,CUST-1393,2025-12-22,160.13,4
TX-632056,CUST-1079,2025-10-11,169.67,5
TX-596931,CUST-1169,2026-09-05,154.36,3
TX-799282,CUST-1458,2026-03-06,201.92,5
TX-455136,CUST-1075,2026-07-25,60.66,4
TX-142027,CUST-1352,2025-12-05,127.73,4
TX-222553,CUST-1071,2026-09-21,36.51,5
TX-747518,CUST-1157,2025-10-21,92.8,4
TX-474754,CUST-1430,2026-01-29,120.32,4
TX-737692,CUST-1047,2026-03-25,178.43,1
TX-652005,CUST-1328,2026-01-16,470.96,5
TX-123643,CUST-1113,2026-02-28,157.69,2
TX-809952,CUST-1042,2026-07-11,224.15,4
TX-513583,CUST-1343,2025-11-22,125.86,5
TX-732471,CUST-1099,2026-06-17,170.81,3
TX-799155,CUST-1309,2026-06-27,31.04,1
TX-850742,CUST-1184,2026-04-30,64.03,2
TX-504868,CUST-1437,2026-05-15,87.38,3
TX-461675,CUST-1190,2025-10-15,115.94,3
TX-688285,CUST-1179,2026-03-15,27.01,4
TX-877548,CUST-1044,2026-01-27,42.63,4
TX-271746,CUST-1212,2026-05-23,68.61,3
TX-246347,CUST-1412,2026-05-14,553.85,4
TX-190259,CUST-1427,2026-08-05,80.37,5
TX-597667,CUST-1073,2026-01-23,118.68,3
TX-169327,CUST-1444,2026-07-04,52.74,3
TX-192744,CUST-1477,2026-08-07,161.54,4
TX-534649,CUST-1003,2026-05-06,69.42,3
TX-844747,CUST-1089,2026-07-20,54.79,4
TX-295041,CUST-1290,2025-12-18,129.03,2
TX-680771,CUST-1426,2026-04-22,20.83,3
TX-975126,CUST-1251,2025-10-30,21.15,3
TX-686448,CUST-1299,2026-03-13,57.09,4
TX-128143,CUST-1378,2026-06-03,25.61,2
TX-375436,CUST-1405,2025-10-10,37.15,2
TX-230208,CUST-1153,2026-09-01,82.07,4
TX-537420,CUST-1334,2026-09-14,263.37,3
TX-129824,CUST-1091,2026-06-17,147.31,2
TX-169966,CUST-1061,2026-02-27,127.82,4
TX-603825,CUST-1306,2026-04-12,72.11,5
TX-758501,CUST-1289,2026-05-20,422.69,3
TX-491330,CUST-1351,2026-06-09,95.88,1
TX-986340,CUST-1262,2026-07-30,33.67,1
TX-161352,CUST-1132,2025-12-31,163.98,5
TX-826959,CUST-1074,2026-03-21,38.13,4
TX-155457,CUST-1069,2026-04-09,83.52,2
TX-767153,CUST-1139,2026-04-11,126.21,4
TX-403936,CUST-1466,2026-04-09,330.99,1
TX-638828,CUST-1149,2026-07-07,122.05,1
TX-901834,CUST-1099,2026-08-26,201.73,2
TX-670123,CUST-1048,2026-08-11,760.4,2
TX-384645,CUST-1165,2026-03-19,41.15,3
TX-200488,CUST-1350,2026-10-01,68.18,3
TX-963308,CUST-1273,2026-08-01,95.27,3
TX-643341,CUST-1073,2025-10-15,102.18,2
TX-532007,CUST-1144,2026-04-17,99.4,4
TX-328459,CUST-1174,2025-12-31,377.26,1
TX-971968,CUST-1079,2026-06-23,207.78,2
TX-823153,CUST-1096,2026-07-22,160.44,5
TX-847159,CUST-1425,2026-07-05,75.52,5
TX-537619,CUST-1282,2026-10-03,280.41,1
TX-958620,CUST-1235,2025-11-17,485.37,1
TX-465124,CUST-1067,2025-10-17,278.22,4
TX-245766,CUST-1159,2026-09-27,20.23,3
TX-648532,CUST-1418,2026-05-23,171.76,5
TX-844378,CUST-1390,2026-04-02,27.87,2
TX-333159,CUST-1155,2025-10-23,64.68,1
TX-821469,CUST-1065,2026-09-29,29.21,2
TX-320034,CUST-1116,2026-03-15,158.87,2
TX-824375,CUST-1066,2025-11-18,194.04,4
TX-119719,CUST-1390,2025-12-05,38.24,1
TX-144582,CUST-1396,2026-06-13,92.64,4
TX-931578,CUST-1100,2025-12-03,111.39,1
TX-162144,CUST-1337,2026-06-28,89.08,5
TX-145383,CUST-1240,2025-12-08,39.35,3
TX-891203,CUST-1033,2026-03-12,101.44,1
TX-315378,CUST-1049,2025-12-11,228.65,5
TX-803175,CUST-1300,2026-01-19,31.05,2
TX-252627,CUST-1179,2025-10-23,32.54,1
TX-464733,CUST-1433,2026-02-28,85.72,5
TX-918730,CUST-1180,2025-12-30,446.39,5
TX-629435,CUST-1373,2026-08-18,185.65,2
TX-959398,CUST-1291,2025-11-12,190.29,1
TX-327538,CUST-1296,2025-10-16,87.39,5
TX-280117,CUST-1366,2026-01-15,155.09,3
TX-860583,CUST-1461,2026-07-11,21.53,1
TX-992649,CUST-1050,2026-01-26,171.63,5
TX-832045,CUST-1362,2026-06-09,386.77,3
TX-806242,CUST-1301,2026-01-11,162.23,4
TX-975290,CUST-1490,2025-12-02,330.36,2
TX-324682,CUST-1181,2026-04-21,213.09,4
TX-218327,CUST-1263,2026-02-02,39.27,4
TX-588533,CUST-1389,2026-03-18,369.11,1
TX-619900,CUST-1056,2026-07-02,30.31,2
TX-684195,CUST-1390,2026-04-11,134.52,3
TX-444053,CUST-1369,2025-10-29,43.0,1
TX-397388,CUST-1252,2025-12-07,21.77,4
TX-820420,CUST-1233,2026-08-12,102.24,3
TX-680822,CUST-1499,2026-05-24,72.44,2
TX-297955,CUST-1208,2026-03-06,119.83,4
TX-812120,CUST-1438,2025-11-13,149.13,4
TX-806906,CUST-1188,2026-01-08,26.71,1
TX-515623,CUST-1251,2026-09-18,39.69,1
TX-225008,CUST-1224,2026-07-03,142.68,1
TX-828799,CUST-1073,2026-04-29,83.05,4
TX-167853,CUST-1302,2025-11-30,215.94,2
TX-309991,CUST-1186,2026-01-18,178.46,3
TX-344181,CUST-1304,2026-05-03,300.24,1
TX-392047,CUST-1429,2026-05-14,196.89,4
TX-722487,CUST-1391,2026-10-09,104.3,5
TX-473395,CUST-1139,2026-09-03,187.65,4
TX-524089,CUST-1243,2026-09-15,68.32,5
TX-254532,CUST-1248,2026-06-27,74.86,3
TX-228125,CUST-1393,2026-05-29,253.37,1
TX-342034,CUST-1128,2026-06-16,108.7,4
TX-204441,CUST-1321,2025-12-16,260.21,1
TX-622332,CUST-1377,2025-11-05,279.25,1
TX-501219,CUST-1347,2025-10-22,312.33,2
TX-260155,CUST-1309,2026-09-21,392.68,3
TX-201013,CUST-1155,2026-08-23,104.58,5
TX-904857,CUST-1389,2025-11-17,77.6,5
TX-407823,CUST-1252,2026-06-04,150.91,2
TX-629315,CUST-1338,2026-06-20,89.58,4
TX-948802,CUST-1133,2026-07-13,157.85,3
TX-118528,CUST-1440,2026-07-12,203.42,5
TX-224921,CUST-1487,2025-10-25,194.91,4
TX-994303,CUST-1196,2026-05-27,90.39,3
TX-137728,CUST-1192,2026-05-23,47.38,4
TX-791442,CUST-1016,2026-01-07,104.46,5
TX-615353,CUST-1440,2026-03-13,43.08,2
TX-850490,CUST-1220,2025-12-16,351.22,3
TX-696487,CUST-1199,2026-06-15,83.67,1
TX-818666,CUST-1345,2026-06-17,45.17,5
TX-599028,CUST-1276,2026-07-28,23.87,4
TX-158444,CUST-1287,2025-12-28,175.69,5
TX-719755,CUST-1200,2026-02-20,171.96,4
TX-809348,CUST-1497,2026-04-20,82.46,5
TX-164407,CUST-1180,2026-03-03,31.16,3
TX-234425,CUST-1014,2026-08-07,99.05,1
TX-948878,CUST-1428,2026-04-14,75.92,3
TX-902364,CUST-1379,2026-08-03,189.57,1
TX-499060,CUST-1456,2026-08-25,159.63,3
TX-474725,CUST-1049,2026-05-16,88.02,3
TX-793360,CUST-1210,2026-04-06,56.86,1
TX-779564,CUST-1125,2026-02-12,683.88,2
TX-821411,CUST-1159,2026-08-08,110.77,1
TX-453993,CUST-1033,2026-03-14,194.84,1
TX-441958,CUST-1086,2025-10-19,42.72,5
TX-695642,CUST-1019,2026-06-01,119.71,4
TX-121393,CUST-1263,2026-05-12,24.19,3
TX-123316,CUST-1356,2026-06-06,125.62,5
TX-509260,CUST-1162,2026-04-20,518.71,5
TX-947591,CUST-1165,2026-07-29,92.73,1
TX-452287,CUST-1250,2025-11-29,25.97,2
TX-274721,CUST-1254,2026-06-23,24.72,3
TX-557169,CUST-1314,2026-03-11,93.65,3
TX-981202,CUST-1103,2026-06-20,46.16,1
TX-401314,CUST-1435,2026-07-10,23.54,2
TX-701380,CUST-1135,2025-11-02,231.72,3
TX-878974,CUST-1205,2026-02-01,112.02,5
TX-199335,CUST-1490,2025-11-25,71.21,5
TX-170537,CUST-1303,2026-03-30,365.51,3
TX-547852,CUST-1290,2026-07-07,38.52,4
TX-783185,CUST-1107,2026-04-04,488.26,1
TX-943187,CUST-1421,2026-03-12,76.52,5
TX-428574,CUST-1153,2026-05-18,348.93,5
TX-363470,CUST-1102,2026-05-09,158.55,4
TX-804181,CUST-1319,2026-06-29,282.92,4
TX-119506,CUST-1390,2026-07-16,640.4,2
TX-295600,CUST-1321,2026-10-04,71.04,5
TX-792905,CUST-1295,2026-06-21,507.15,2
TX-768914,CUST-1492,2026-06-05,94.02,3
TX-693616,CUST-1272,2026-08-19,93.04,4
TX-647639,CUST-1372,2026-08-25,82.42,1
TX-254920,CUST-1102,2026-04-13,136.94,4
TX-985126,CUST-1123,2025-12-25,45.11,3
TX-970542,CUST-1222,2026-05-07,141.02,3
TX-987060,CUST-1466,2025-11-10,137.04,2
TX-777424,CUST-1211,2026-02-22,235.26,3
TX-347600,CUST-1082,2026-02-17,289.05,5
TX-257246,CUST-1207,2026-02-08,107.09,1
TX-935762,CUST-1098,2025-10-23,74.0,2
TX-608960,CUST-1423,2026-03-16,65.03,4
TX-778346,CUST-1286,2026-05-20,52.47,4
TX-267099,CUST-1463,2025-10-27,28.91,2
TX-370948,CUST-1139,2025-12-17,82.88,1
TX-284533,CUST-1404,2026-02-28,67.26,5
TX-920231,CUST-1329,2025-10-30,529.06,4
TX-429153,CUST-1010,2025-11-06,142.37,1
TX-526777,CUST-1308,2026-03-10,83.99,1
TX-516174,CUST-1459,2026-04-13,150.29,1
TX-217369,CUST-1482,2025-12-19,42.48,2
TX-647312,CUST-1292,2026-06-22,108.06,1
TX-364039,CUST-1340,2026-08-02,167.62,5
TX-728958,CUST-1254,2025-11-24,120.68,2
TX-972765,CUST-1062,2026-03-18,97.07,3
TX-543410,CUST-1299,2026-04-26,783.66,2
TX-283662,CUST-1111,2025-12-21,338.43,1
TX-528212,CUST-1109,2026-02-26,166.49,4
TX-614178,CUST-1130,2026-08-06,146.38,1
TX-431863,CUST-1273,2026-04-18,165.4,1
TX-815903,CUST-1279,2026-05-13,53.72,4
TX-480631,CUST-1126,2026-02-28,95.41,2
TX-122097,CUST-1243,2026-04-15,26.04,3
TX-982348,CUST-1330,2026-08-15,116.81,1
TX-824233,CUST-1378,2026-09-13,137.47,1
TX-365271,CUST-1469,2026-09-17,58.77,2
TX-769986,CUST-1282,2026-04-23,518.76,3
TX-951706,CUST-1490,2026-10-02,380.29,3
TX-347864,CUST-1350,2025-12-10,212.1,5
TX-108248,CUST-1439,2026-05-23,134.34,4
TX-415504,CUST-1465,2026-04-28,326.0,3
TX-320606,CUST-1046,2026-02-06,41.0,3
TX-762021,CUST-1440,2025-12-30,254.46,4
TX-927659,CUST-1162,2026-09-03,40.0,4
TX-963185,CUST-1017,2026-02-26,257.14,1
TX-872739,CUST-1399,2026-06-17,68.4,4
TX-960085,CUST-1211,2026-03-28,334.45,4
TX-630930,CUST-1051,2025-12-30,452.47,3
TX-731364,CUST-1033,2026-04-07,44.17,4
TX-575279,CUST-1373,2026-07-16,113.17,3
TX-772528,CUST-1355,2025-10-23,614.4,1
TX-929443,CUST-1328,2026-01-11,119.08,4
TX-520124,CUST-1328,2025-12-17,318.77,1
TX-428961,CUST-1102,2026-08-26,153.28,3
TX-265488,CUST-1294,2025-11-20,90.58,1
TX-988102,CUST-1127,2026-06-30,70.49,2
TX-931145,CUST-1304,2026-09-25,54.08,4
TX-601602,CUST-1480,2026-03-21,235.2,4
TX-281905,CUST-1447,2025-12-16,93.3,3
TX-938366,CUST-1351,2026-08-08,127.39,3
TX-534631,CUST-1144,2026-01-18,121.69,1
TX-495648,CUST-1188,2026-01-10,149.16,4
TX-121741,CUST-1483,2026-07-28,321.01,2
TX-778540,CUST-1485,2025-10-20,612.45,5
TX-193298,CUST-1313,2026-08-25,98.53,2
TX-374499,CUST-1498,2026-06-02,283.62,2
TX-520515,CUST-1359,2026-01-03,236.92,1
TX-372795,CUST-1316,2026-05-16,147.83,5
TX-278386,CUST-1076,2025-11-23,488.7,3
TX-114800,CUST-1484,2026-07-26,53.56,1
TX-910926,CUST-1367,2026-07-05,37.36,4
TX-224269,CUST-1471,2026-05-29,308.58,4
TX-299800,CUST-1114,2026-10-09,106.75,2
TX-882702,CUST-1484,2026-02-22,301.57,3
TX-552259,CUST-1253,2026-04-22,355.37,2
TX-326037,CUST-1438,2026-01-22,29.67,5
TX-538651,CUST-1421,2026-03-02,342.43,2
TX-130170,CUST-1092,2026-05-06,109.22,2
TX-747684,CUST-1148,2026-02-20,127.13,2
TX-711218,CUST-1230,2026-02-13,167.76,3
TX-189903,CUST-1350,2026-09-05,411.33,4
TX-438947,CUST-1005,2026-06-06,22.9,2
TX-820216,CUST-1498,2026-09-28,117.18,4
TX-842866,CUST-1108,2026-10-09,194.58,4
TX-176604,CUST-1216,2026-08-10,212.4,3
TX-154644,CUST-1048,2026-07-21,196.91,1
TX-471512,CUST-1170,2026-02-06,41.66,4
TX-844033,CUST-1310,2026-09-17,73.37,5
TX-365978,CUST-1383,2025-11-01,86.64,1
TX-417201,CUST-1258,2026-08-22,264.78,4
TX-238661,CUST-1202,2026-09-17,69.02,3
TX-708684,CUST-1495,2026-07-22,55.49,1
TX-628216,CUST-1091,2026-02-19,493.55,2
TX-238327,CUST-1252,2026-03-31,21.34,4
TX-553959,CUST-1045,2026-03-20,939.32,5
TX-428486,CUST-1072,2026-02-19,189.43,1
TX-975355,CUST-1022,2025-12-13,284.45,4
TX-396668,CUST-1143,2026-04-11,72.35,4
TX-969887,CUST-1462,2026-02-20,22.16,5
TX-428215,CUST-1389,2026-02-21,220.84,5
TX-872663,CUST-1223,2026-01-01,289.5,3
TX-994470,CUST-1251,2025-12-25,222.34,5
TX-155807,CUST-1472,2026-09-10,43.12,4
TX-341026,CUST-1096,2025-12-24,230.02,1
TX-372864,CUST-1093,2025-10-27,239.75,4
TX-557629,CUST-1083,2026-10-05,181.18,4
TX-562966,CUST-1059,2026-06-19,237.94,1
TX-608768,CUST-1182,2026-10-07,300.54,5
TX-986925,CUST-1234,2026-06-18,162.63,1
TX-466586,CUST-1368,2025-12-23,33.92,1
TX-289430,CUST-1047,2026-01-21,120.31,3
TX-962529,CUST-1427,2026-01-03,32.12,5
TX-322713,CUST-1139,2026-07-24,98.52,5
TX-904098,CUST-1298,2025-10-11,98.41,5
TX-180567,CUST-1292,2026-01-09,30.24,4
TX-444622,CUST-1126,2026-06-21,84.35,1
TX-513316,CUST-1013,2026-03-03,37.65,1
TX-977634,CUST-1191,2026-08-07,267.72,1
TX-185000,CUST-1165,2025-12-26,462.58,1
TX-576111,CUST-1235,2026-10-06,31.26,4
TX-789969,CUST-1321,2026-02-23,485.55,5
TX-788047,CUST-1002,2026-03-26,130.9,1
TX-867080,CUST-1318,2026-05-28,73.41,3
TX-321634,CUST-1375,2026-07-27,32.0,2
TX-438869,CUST-1441,2025-11-02,124.16,3
TX-673734,CUST-1408,2025-11-06,257.36,1
TX-197046,CUST-1487,2026-08-13,204.18,4
TX-351742,CUST-1204,2026-02-16,27.73,2
TX-121508,CUST-1494,2026-05-01,31.35,1
TX-507374,CUST-1436,2026-01-23,97.34,2
TX-778604,CUST-1399,2026-05-03,72.5,3
TX-226460,CUST-1385,2026-09-08,59.67,2
TX-871635,CUST-1152,2026-06-17,69.49,4
TX-237664,CUST-1412,2026-03-16,264.05,5
TX-972470,CUST-1183,2026-09-14,417.24,1
TX-613406,CUST-1188,2026-06-28,97.9,2
TX-381521,CUST-1228,2026-04-25,374.85,4
TX-194604,CUST-1288,2026-08-12,78.18,4
TX-743687,CUST-1387,2026-05-13,117.06,3
TX-197462,CUST-1095,2026-05-19,58.43,4
TX-586041,CUST-1020,2026-06-28,173.45,3
TX-619383,CUST-1346,2026-01-31,599.35,2
TX-188049,CUST-1269,2026-08-27,158.76,5
TX-183029,CUST-1148,2026-06-05,86.43,4
TX-255825,CUST-1464,2026-06-10,176.54,3
TX-982416,CUST-1065,2026-09-24,39.67,3
TX-409834,CUST-1127,2026-07-03,349.27,4
TX-180250,CUST-1291,2025-11-02,124.9,5
TX-212860,CUST-1469,2025-11-01,109.5,5
TX-199074,CUST-1261,2026-05-14,152.23,4
TX-952308,CUST-1237,2026-09-12,167.04,5
TX-714012,CUST-1129,2026-04-08,31.17,3
TX-219470,CUST-1041,2026-06-23,192.15,1
TX-288274,CUST-1379,2026-09-12,61.55,4
TX-147457,CUST-1402,2026-01-10,207.74,4
TX-429196,CUST-1042,2026-05-10,279.35,3
TX-754112,CUST-1300,2026-05-29,264.41,4
TX-949352,CUST-1413,2026-02-21,140.61,3
TX-182020,CUST-1095,2026-01-25,130.15,2
TX-806120,CUST-1382,2026-08-14,43.13,3
TX-118785,CUST-1054,2026-05-19,243.98,5
TX-113950,CUST-1002,2026-04-29,67.5,1
TX-582515,CUST-1087,2026-09-09,122.98,4
TX-861173,CUST-1354,2026-05-04,70.17,5
TX-952631,CUST-1249,2026-03-13,41.55,5
TX-824211,CUST-1498,2026-08-20,168.96,3
TX-943726,CUST-1344,2026-09-27,28.38,4
TX-241677,CUST-1154,2025-11-22,227.13,2
TX-955604,CUST-1007,2026-01-14,77.32,1
TX-128117,CUST-1008,2026-09-30,20.02,2
TX-781301,CUST-1107,2026-06-12,127.35,2
TX-300188,CUST-1123,2026-05-20,27.2,5
TX-255362,CUST-1044,2026-03-12,68.48,4
TX-222115,CUST-1242,2026-05-13,204.13,1
TX-608608,CUST-1085,2025-12-26,29.71,4
TX-713654,CUST-1241,2025-10-19,294.27,4
TX-697091,CUST-1124,2026-01-20,20.57,3
TX-450067,CUST-1424,2026-04-27,62.52,1
TX-535878,CUST-1004,2025-11-30,222.58,4
TX-724783,CUST-1434,2026-06-19,77.03,5
TX-138815,CUST-1374,2026-07-19,36.12,3
TX-638292,CUST-1249,2026-05-01,87.0,4
TX-343170,CUST-1302,2026-08-18,67.29,4
TX-119943,CUST-1365,2025-11-09,297.45,5
TX-680130,CUST-1216,2026-07-31,76.39,3
TX-596330,CUST-1032,2026-02-23,253.34,4
TX-777568,CUST-1059,2026-06-19,353.67,5
TX-121817,CUST-1177,2026-05-26,105.33,4
TX-592034,CUST-1082,2026-03-05,381.1,2
TX-632294,CUST-1176,2026-05-21,91.06,2
TX-731347,CUST-1112,2026-08-05,518.96,3
TX-237529,CUST-1436,2026-09-10,34.03,4
TX-537110,CUST-1452,2026-03-08,194.24,4
TX-934637,CUST-1426,2026-09-18,122.13,3
TX-317273,CUST-1241,2025-12-30,93.57,5
TX-799459,CUST-1144,2026-09-27,170.24,1
TX-309174,CUST-1247,2025-12-14,202.54,2
TX-205805,CUST-1080,2026-08-15,20.66,4
TX-418402,CUST-1406,2026-05-09,47.4,4
TX-149334,CUST-1120,2026-01-24,207.27,5
TX-474387,CUST-1009,2026-04-10,184.67,3
TX-968167,CUST-1346,2025-12-29,527.42,2
TX-946007,CUST-1440,2026-06-23,234.72,1
TX-219505,CUST-1032,2026-03-30,471.7,4
TX-689280,CUST-1316,2026-02-02,201.87,1
TX-456855,CUST-1114,2026-06-15,73.08,3
TX-907503,CUST-1401,2026-04-08,36.7,1
TX-258522,CUST-1449,2026-07-21,248.37,3
TX-733643,CUST-1436,2026-09-27,174.99,5
TX-559094,CUST-1342,2025-12-01,27.41,1
TX-211035,CUST-1409,2026-05-31,86.95,1
TX-920150,CUST-1400,2026-08-17,491.29,5
TX-144008,CUST-1439,2025-11-30,124.09,5
TX-760525,CUST-1259,2025-12-01,105.04,2
TX-264660,CUST-1060,2026-01-22,111.79,3
TX-898977,CUST-1372,2026-03-07,55.15,4
TX-261790,CUST-1259,2026-06-21,89.0,1
TX-958952,CUST-1331,2026-04-13,89.26,3
TX-560438,CUST-1070,2025-12-10,28.07,2
TX-357232,CUST-1496,2026-05-09,238.87,1
TX-400687,CUST-1427,2026-06-08,100.81,3
TX-378937,CUST-1258,2026-01-04,279.05,1
TX-760016,CUST-1190,2026-05-09,304.92,3
TX-889794,CUST-1340,2026-02-11,55.74,2
TX-925455,CUST-1385,2026-07-07,180.66,4
TX-533491,CUST-1116,2025-12-18,115.88,4
TX-993796,CUST-1470,2026-05-06,338.24,4
TX-131208,CUST-1264,2026-09-23,56.45,3
TX-852485,CUST-1226,2025-12-22,189.89,1
TX-188896,CUST-1412,2026-06-30,160.38,1
TX-909891,CUST-1173,2026-03-19,72.5,4
TX-512369,CUST-1084,2026-05-19,42.03,1
TX-702466,CUST-1388,2025-10-27,178.18,2
TX-410089,CUST-1029,2026-08-28,221.25,5
TX-419105,CUST-1214,2026-05-02,76.89,5
TX-108286,CUST-1369,2026-03-18,175.27,3
TX-740051,CUST-1423,2026-03-01,95.41,5
TX-567863,CUST-1471,2025-12-23,207.35,4
TX-754688,CUST-1329,2026-01-22,53.32,5
TX-831351,CUST-1403,2026-08-21,351.38,4
TX-913066,CUST-1176,2026-09-06,70.83,4
TX-138766,CUST-1101,2026-03-12,88.78,1
TX-860321,CUST-1275,2026-03-29,28.98,4
TX-667059,CUST-1368,2025-12-12,37.74,5
TX-636526,CUST-1145,2026-01-26,128.81,1
TX-457259,CUST-1282,2026-03-17,66.71,5
TX-124559,CUST-1387,2026-08-30,290.71,2
TX-371256,CUST-1014,2026-07-12,22.22,5
TX-629818,CUST-1123,2026-03-13,91.49,4
TX-372374,CUST-1056,2025-11-08,81.73,3
TX-229827,CUST-1321,2026-06-25,22.93,3
TX-570534,CUST-1024,2026-09-07,39.92,1
TX-575159,CUST-1152,2026-07-29,100.07,1
TX-693071,CUST-1173,2026-02-06,121.85,5
TX-985517,CUST-1365,2026-08-26,97.7,5
TX-413735,CUST-1304,2026-02-05,133.55,3
TX-805097,CUST-1145,2026-09-15,155.63,5
TX-644909,CUST-1071,2026-10-09,21.5,4
TX-443772,CUST-1377,2026-02-12,113.57,1
TX-962813,CUST-1264,2026-08-03,516.56,2
TX-202747,CUST-1398,2026-04-11,129.79,4
TX-968679,CUST-1075,2026-10-08,189.77,4
TX-165214,CUST-1210,2025-11-19,76.07,1
TX-325217,CUST-1217,2025-12-14,243.08,4
TX-809699,CUST-1228,2025-11-17,242.37,3
TX-686120,CUST-1269,2026-05-03,130.5,5
TX-712686,CUST-1265,2026-04-29,579.54,3
TX-561457,CUST-1255,2026-08-30,40.12,4
TX-963829,CUST-1352,2026-06-16,22.56,4
TX-233299,CUST-1083,2025-12-21,240.55,5
TX-235670,CUST-1248,2026-10-08,266.88,4
TX-654844,CUST-1495,2026-10-04,39.21,5
TX-577555,CUST-1060,2026-09-29,66.3,2
TX-686181,CUST-1242,2025-10-25,22.66,2
TX-993719,CUST-1189,2025-12-08,72.07,5
TX-487538,CUST-1209,2025-12-04,242.51,1
TX-648171,CUST-1292,2026-03-06,129.46,1
TX-419736,CUST-1078,2025-12-08,84.18,3
TX-609529,CUST-1191,2026-03-13,89.72,3
TX-921866,CUST-1014,2025-12-21,20.2,2
TX-419987,CUST-1301,2026-05-12,73.46,1
TX-291970,CUST-1455,2026-03-03,175.96,2
TX-228270,CUST-1419,2026-06-16,568.57,1
TX-146852,CUST-1280,2026-04-05,301.66,1
TX-424745,CUST-1213,2026-06-12,23.58,5
TX-919304,CUST-1289,2026-05-28,363.24,3
TX-239260,CUST-1193,2026-06-09,249.32,5
TX-767376,CUST-1390,2025-12-18,247.38,5
TX-256219,CUST-1235,2026-05-27,111.87,4
TX-938663,CUST-1443,2026-03-24,96.13,1
TX-529526,CUST-1319,2026-09-14,74.13,5
TX-455465,CUST-1198,2026-02-05,30.19,4
TX-871660,CUST-1276,2025-11-01,58.86,4
TX-273659,CUST-1142,2026-09-04,62.47,1
TX-760717,CUST-1362,2025-10-21,119.27,5
TX-688297,CUST-1407,2026-10-06,226.42,3
TX-189288,CUST-1330,2025-12-11,116.31,5
TX-704876,CUST-1098,2026-08-21,28.94,5
TX-647098,CUST-1387,2025-11-05,494.76,5
TX-119570,CUST-1096,2026-06-09,448.98,5
TX-288474,CUST-1061,2026-09-11,250.7,5
TX-924974,CUST-1492,2025-10-18,732.15,3
TX-565808,CUST-1105,2026-02-11,137.95,5
TX-435996,CUST-1043,2026-07-09,513.59,5
TX-615346,CUST-1205,2026-08-06,31.79,1
TX-558245,CUST-1441,2025-10-20,88.28,3
TX-653545,CUST-1092,2026-05-09,58.31,1
TX-195446,CUST-1162,2026-04-22,52.69,3
TX-276324,CUST-1058,2025-11-28,42.76,5
TX-367968,CUST-1146,2025-12-21,166.09,2
TX-421697,CUST-1393,2025-11-23,248.02,2
TX-161775,CUST-1487,2026-05-05,149.52,2
TX-128491,CUST-1314,2026-03-24,43.84,2
TX-508881,CUST-1365,2025-11-07,270.0,3
TX-532876,CUST-1050,2026-03-21,171.57,2
TX-493754,CUST-1457,2026-03-23,93.69,3
TX-312398,CUST-1482,2025-12-09,188.19,1
TX-347978,CUST-1122,2026-08-10,65.15,5
TX-503752,CUST-1252,2026-06-26,83.51,5
TX-163577,CUST-1486,2025-12-06,394.22,3
TX-526850,CUST-1162,2026-06-03,71.48,5
TX-527288,CUST-1033,2026-06-13,115.23,1
TX-382234,CUST-1324,2026-02-05,351.28,1
TX-358281,CUST-1283,2026-08-05,204.51,1
TX-419409,CUST-1390,2026-07-20,29.63,2
TX-187984,CUST-1290,2026-05-05,43.9,4
TX-313340,CUST-1433,2026-08-30,21.18,5
TX-666692,CUST-1400,2025-12-20,169.51,3
TX-544336,CUST-1086,2026-02-11,109.04,5
TX-143822,CUST-1492,2026-07-20,41.63,4
TX-403300,CUST-1000,2026-06-03,495.28,5
TX-163098,CUST-1334,2026-01-02,133.14,1
TX-726909,CUST-1477,2026-06-12,61.54,3
TX-468488,CUST-1128,2026-09-22,124.15,4
TX-713583,CUST-1431,2026-08-28,190.74,2
TX-147694,CUST-1430,2026-06-27,31.9,3
TX-173332,CUST-1082,2026-07-09,68.18,5
TX-832356,CUST-1153,2025-11-23,266.73,4
TX-393033,CUST-1062,2025-12-19,112.33,5
TX-740098,CUST-1449,2026-05-18,138.64,2
TX-766023,CUST-1258,2026-03-20,105.06,3
TX-386275,CUST-1133,2026-10-06,26.73,4
TX-458224,CUST-1125,2026-09-13,47.18,3
TX-444412,CUST-1107,2026-06-01,108.46,5
TX-777844,CUST-1008,2026-09-28,55.2,2
TX-599676,CUST-1472,2025-10-10,27.69,5
TX-533232,CUST-1002,2025-10-13,298.35,2
TX-899502,CUST-1284,2026-09-30,616.03,4
TX-925549,CUST-1201,2026-07-11,256.36,1
TX-664814,CUST-1448,2026-09-06,308.4,1
TX-804900,CUST-1015,2026-09-17,61.56,4
TX-967661,CUST-1063,2026-04-07,505.2,4
TX-285793,CUST-1307,2026-04-10,52.9,4
TX-230824,CUST-1429,2026-09-30,473.71,1
TX-566173,CUST-1236,2026-04-16,809.42,2
TX-895262,CUST-1004,2026-01-30,206.57,1
TX-300814,CUST-1143,2026-09-22,615.64,3
TX-947684,CUST-1046,2026-08-19,146.44,3
TX-617795,CUST-1367,2026-01-30,65.07,2
TX-394394,CUST-1495,2026-04-12,106.17,1
TX-319242,CUST-1252,2026-10-04,155.05,5
TX-216335,CUST-1003,2026-01-17,31.38,4
TX-624629,CUST-1445,2026-02-28,166.07,5
TX-303182,CUST-1252,2026-01-04,615.91,5
TX-692592,CUST-1337,2026-07-25,51.63,5
TX-234476,CUST-1089,2025-11-11,255.96,5
TX-372235,CUST-1381,2025-11-11,377.73,2
TX-648489,CUST-1477,2026-07-27,451.56,2
TX-988843,CUST-1373,2026-02-26,503.34,2
TX-744304,CUST-1347,2025-10-20,130.55,5
TX-575976,CUST-1129,2026-09-22,587.86,5
TX-995336,CUST-1001,2026-05-15,232.4,1
TX-985356,CUST-1480,2026-03-23,46.45,4
TX-813213,CUST-1208,2026-02-26,117.2,1
TX-479030,CUST-1265,2026-06-04,210.05,4
TX-149246,CUST-1264,2025-10-31,62.62,2
TX-570665,CUST-1142,2026-05-12,173.5,5
TX-304061,CUST-1161,2025-10-11,184.76,4
TX-946906,CUST-1171,2025-11-19,46.64,5
TX-178056,CUST-1012,2026-02-01,144.89,4
TX-272471,CUST-1469,2026-02-13,241.52,2
TX-756403,CUST-1168,2026-03-17,123.64,1
TX-603281,CUST-1320,2025-11-27,21.83,1
TX-935946,CUST-1221,2025-10-21,21.36,5
TX-359159,CUST-1320,2026-03-29,86.25,3
TX-457356,CUST-1055,2026-06-08,410.95,2
TX-644918,CUST-1426,2025-11-05,58.95,3
TX-913432,CUST-1406,2026-02-07,170.92,1
TX-901215,CUST-1307,2026-08-22,57.67,4
TX-707056,CUST-1048,2026-08-25,78.22,4
TX-134963,CUST-1063,2025-11-21,302.62,1
TX-920664,CUST-1193,2026-03-18,215.77,1
TX-157450,CUST-1065,2025-11-09,35.04,4
TX-168986,CUST-1154,2026-08-17,103.98,4
TX-686424,CUST-1052,2026-09-20,24.44,1
TX-521195,CUST-1026,2026-03-08,118.35,4
TX-344435,CUST-1049,2026-08-21,182.9,4
TX-111121,CUST-1442,2026-08-11,38.92,5
TX-933790,CUST-1232,2026-04-23,71.14,4
TX-206197,CUST-1219,2026-08-22,96.08,5
TX-576133,CUST-1173,2026-09-07,397.98,1
TX-301831,CUST-1264,2026-03-26,769.84,5
TX-724086,CUST-1055,2025-11-30,26.89,1
TX-927763,CUST-1365,2025-11-12,234.7,5
TX-232101,CUST-1430,2026-01-16,89.72,5
TX-472654,CUST-1326,2026-06-26,94.75,3
TX-566222,CUST-1215,2026-06-12,230.53,5
TX-935741,CUST-1095,2026-02-10,395.94,2
TX-426806,CUST-1022,2025-11-08,472.17,2
TX-783362,CUST-1299,2026-05-20,149.1,5
TX-712018,CUST-1386,2026-04-10,86.27,3
TX-254569,CUST-1453,2026-07-13,252.36,2
TX-459557,CUST-1240,2026-03-16,63.35,5
TX-642827,CUST-1149,2026-04-15,144.54,1
TX-160101,CUST-1300,2026-09-10,86.61,2
TX-157259,CUST-1121,2026-06-25,180.34,5
TX-310105,CUST-1216,2026-04-03,61.24,2
TX-458143,CUST-1327,2026-01-20,51.9,1
TX-828531,CUST-1096,2026-09-15,395.59,4
TX-826048,CUST-1354,2026-06-05,36.1,5
TX-451965,CUST-1169,2026-08-01,125.77,5
TX-444582,CUST-1315,2026-03-11,57.43,4
TX-927527,CUST-1083,2025-12-01,25.96,4
TX-330063,CUST-1466,2025-10-30,25.5,4
TX-826894,CUST-1471,2025-10-10,48.9,2
TX-323491,CUST-1117,2026-06-04,322.35,5
TX-946485,CUST-1122,2026-06-12,69.79,3
TX-519758,CUST-1378,2026-04-19,470.74,2
TX-110372,CUST-1094,2025-10-12,150.71,3
TX-681636,CUST-1037,2026-04-10,106.07,1
TX-561801,CUST-1058,2025-12-20,150.16,3
TX-902719,CUST-1099,2026-08-28,129.07,5
TX-308795,CUST-1184,2025-10-31,233.3,1
TX-329580,CUST-1101,2026-03-03,69.8,2
TX-456324,CUST-1453,2026-02-20,85.32,2
TX-287214,CUST-1433,2026-07-19,356.78,2
TX-983825,CUST-1100,2025-10-20,459.09,2
TX-971834,CUST-1134,2025-11-29,354.62,1
TX-786680,CUST-1346,2025-12-18,101.57,4
TX-320449,CUST-1403,2025-12-04,247.37,3
TX-487596,CUST-1156,2026-05-30,117.04,2
TX-652522,CUST-1414,2026-04-17,123.24,2
TX-845476,CUST-1409,2026-08-24,54.35,4
TX-237148,CUST-1033,2025-12-08,154.15,2
TX-658424,CUST-1406,2026-01-14,50.89,2
TX-433396,CUST-1193,2026-09-29,80.42,3
TX-148439,CUST-1306,2026-05-16,309.68,2
TX-298287,CUST-1390,2026-08-20,54.8,5
TX-927942,CUST-1437,2026-07-10,31.07,3
TX-155846,CUST-1076,2026-03-25,30.73,2
TX-992865,CUST-1322,2026-03-01,443.99,2
TX-319401,CUST-1260,2026-08-04,126.06,4
TX-929420,CUST-1372,2025-11-19,99.0,4
TX-275566,CUST-1339,2026-08-19,269.8,1
TX-492446,CUST-1260,2026-04-25,291.02,5
TX-287693,CUST-1255,2026-07-01,80.56,4
TX-651001,CUST-1164,2026-10-08,197.44,3
TX-596771,CUST-1355,2026-06-13,241.19,4
TX-769102,CUST-1137,2026-08-02,179.48,4
TX-317264,CUST-1471,2026-08-03,44.66,1
TX-345770,CUST-1112,2026-01-20,332.98,4
TX-545668,CUST-1202,2026-01-28,136.18,3
TX-264845,CUST-1455,2026-04-20,69.79,5
TX-677295,CUST-1478,2026-04-18,103.07,3
TX-409380,CUST-1043,2025-12-16,25.74,1
TX-341358,CUST-1227,2026-07-01,40.52,3
TX-637145,CUST-1298,2025-10-30,237.57,4
TX-573066,CUST-1318,2026-03-30,20.0,4
TX-485364,CUST-1239,2026-05-18,100.82,4
TX-386281,CUST-1411,2026-06-20,130.88,3
TX-563143,CUST-1195,2025-10-21,28.43,2
TX-476536,CUST-1119,2026-02-21,562.22,1
TX-983533,CUST-1461,2025-11-20,58.45,3
TX-774920,CUST-1256,2026-06-28,74.4,5
TX-203189,CUST-1040,2026-02-27,74.35,2
TX-140140,CUST-1060,2025-11-14,59.29,3
TX-306198,CUST-1279,2026-01-19,20.22,3
TX-417420,CUST-1345,2026-03-26,216.04,3
TX-299903,CUST-1381,2026-09-23,530.99,3
TX-996531,CUST-1361,2026-08-14,58.1,2
TX-108948,CUST-1385,2026-07-14,183.17,3
TX-962253,CUST-1394,2026-03-11,223.16,3
TX-961784,CUST-1177,2026-05-03,303.0,4
TX-594932,CUST-1296,2026-09-09,102.39,1
TX-516814,CUST-1334,2026-06-28,74.13,2
TX-597484,CUST-1116,2026-02-02,79.02,2
TX-924154,CUST-1119,2026-06-30,207.04,5
TX-457207,CUST-1282,2026-06-05,274.56,4
TX-986887,CUST-1405,2025-11-21,50.06,3
TX-319765,CUST-1096,2026-05-16,89.53,4
TX-131566,CUST-1224,2026-05-27,368.33,5
TX-234580,CUST-1191,2025-12-19,266.52,5
TX-949767,CUST-1156,2025-10-13,648.55,4
TX-336444,CUST-1337,2026-04-08,230.52,3
TX-899897,CUST-1214,2026-05-14,94.93,4
TX-414192,CUST-1398,2026-09-27,153.97,5
TX-695148,CUST-1166,2026-08-05,182.27,1
TX-261156,CUST-1402,2025-10-25,32.26,2
TX-760434,CUST-1487,2026-03-27,137.95,5
TX-701755,CUST-1409,2026-08-13,205.33,5
TX-314124,CUST-1443,2026-04-27,47.47,4
TX-660453,CUST-1485,2026-04-27,247.55,1
TX-213915,CUST-1197,2026-01-13,151.48,4
TX-770043,CUST-1168,2026-07-27,476.18,4
TX-279750,CUST-1458,2026-03-13,26.5,1
TX-286264,CUST-1053,2026-09-19,66.25,5
TX-612348,CUST-1016,2026-09-26,158.03,5
TX-172866,CUST-1013,2026-01-12,72.77,2
TX-315893,CUST-1466,2026-04-24,207.99,3
TX-173378,CUST-1119,2026-03-07,233.45,5
TX-643719,CUST-1232,2025-11-07,36.22,3
TX-530819,CUST-1005,2026-01-04,128.19,3
TX-235410,CUST-1200,2025-12-28,126.66,1
TX-879241,CUST-1274,2026-05-11,89.13,4
TX-236243,CUST-1035,2026-04-26,425.29,2
TX-553195,CUST-1445,2026-01-22,283.61,3
TX-266494,CUST-1418,2026-10-07,199.21,4
TX-716029,CUST-1309,2026-07-30,207.94,3
TX-388820,CUST-1103,2026-06-23,112.91,4
TX-567383,CUST-1103,2025-10-12,400.74,2
TX-946794,CUST-1032,2026-05-01,197.92,5
TX-696879,CUST-1126,2026-07-05,215.83,3
TX-585171,CUST-1450,2026-06-17,316.74,4
TX-401897,CUST-1294,2025-10-29,68.05,1
TX-834335,CUST-1330,2026-05-30,266.81,3
TX-510087,CUST-1431,2026-10-08,52.58,3
TX-361236,CUST-1313,2026-01-06,83.55,4
TX-580067,CUST-1091,2026-08-21,81.33,4
TX-832453,CUST-1196,2026-09-11,596.13,2
TX-832582,CUST-1291,2025-11-26,311.25,4
TX-265603,CUST-1484,2025-10-31,201.18,2
TX-406068,CUST-1140,2026-08-26,214.77,5
TX-617459,CUST-1341,2025-11-12,143.86,2
TX-486643,CUST-1210,2026-07-19,460.88,1
TX-903774,CUST-1039,2025-12-01,122.85,5
TX-572840,CUST-1399,2026-03-24,91.83,4
TX-630647,CUST-1084,2026-02-15,46.7,2
TX-176751,CUST-1022,2026-06-02,251.41,1
TX-499670,CUST-1327,2026-09-29,218.89,4
TX-515943,CUST-1175,2026-05-01,92.76,2
TX-220253,CUST-1019,2025-10-14,23.83,3
TX-802855,CUST-1363,2025-12-17,293.95,3
TX-583767,CUST-1383,2026-06-03,21.72,4
TX-788938,CUST-1034,2025-11-20,202.46,5
TX-247068,CUST-1124,2026-10-09,547.27,4
TX-278875,CUST-1241,2026-02-28,106.35,2
TX-205397,CUST-1429,2025-10-18,60.18,5
TX-660625,CUST-1090,2026-03-08,203.05,1
TX-181354,CUST-1379,2026-04-27,274.85,2
TX-260952,CUST-1343,2025-10-14,138.59,3
TX-327197,CUST-1225,2026-04-10,531.85,2
TX-326667,CUST-1365,2025-10-26,27.96,5
TX-977135,CUST-1226,2026-09-30,125.42,1
TX-509593,CUST-1325,2026-07-03,210.12,1
TX-154961,CUST-1353,2026-03-15,317.77,4
TX-909930,CUST-1306,2025-10-11,49.63,1
TX-492843,CUST-1193,2026-01-20,261.42,2
TX-195825,CUST-1465,2026-02-08,140.68,2
TX-115267,CUST-1008,2026-05-12,95.76,1
TX-331282,CUST-1172,2026-01-15,41.19,1
TX-859181,CUST-1490,2025-11-27,320.7,2
TX-637395,CUST-1085,2025-10-31,45.67,4
TX-689356,CUST-1055,2026-03-25,75.61,3
TX-317180,CUST-1320,2026-01-14,71.38,5
TX-548665,CUST-1478,2026-07-13,327.67,4
